code,year,sectordeflator_VA_P,sectordeflator_GO_P,sectordeflator_II_P,IP_GFCF_market,deflator,_fillin
10-12,1952,,,,,,1
10-12,1953,,,,,,1
10-12,1954,,,,,,1
10-12,1955,,,,,,1
10-12,1956,,,,,,1
10-12,1957,,,,,,1
10-12,1958,,,,,,1
10-12,1959,,,,,,1
10-12,1960,,,,,,1
10-12,1961,,,,,,1
10-12,1962,,,,,,1
10-12,1963,,,,,,1
10-12,1964,,,,,,1
10-12,1965,,,,,,1
10-12,1966,,,,,,1
10-12,1967,,,,,,1
10-12,1968,,,,,,1
10-12,1969,,,,,,1
10-12,1970,,,,,.15977,0
10-12,1971,,,,,.1692,0
10-12,1972,,,,,.18071,0
10-12,1973,,,,,.19492,0
10-12,1974,,,,,.21796,0
10-12,1975,.243598257655755,.3253725342133052,.3609295555438226,,.24795,0
10-12,1976,.26981,.36038338,.39976642,,.27463,0
10-12,1977,.30814,.4078975,.45112612,,.29875,0
10-12,1978,.38277,.45446768,.48439413,.3951031196971334,.32648,0
10-12,1979,.41611,.49137035,.52266366,.4358744505676199,.36017,0
10-12,1980,.45423,.53389382,.5668941199999999,.4960620120947767,.40227,0
10-12,1981,.51103,.5953664599999999,.63005665,.5597495450163303,.44932,0
10-12,1982,.58224,.6585655300000001,.68934378,.6326733277225651,.50367,0
10-12,1983,.65173,.71377304,.73809339,.6865399134403484,.5523,0
10-12,1984,.70743,.76198688,.78295492,.7293136586108311,.59137,0
10-12,1985,.7524500000000001,.7846664400000001,.79585906,.7617239994968514,.62363,0
10-12,1986,.7910200000000001,.79821276,.79925495,.7895297251851026,.65524,0
10-12,1987,.81695,.79896347,.79004696,.8088940468781413,.67156,0
10-12,1988,.8418099999999999,.81234769,.7990374699999999,.8283280733226913,.69313,0
10-12,1989,.8578199999999999,.83742934,.8275951100000001,.8498207447508541,.71599,0
10-12,1990,.8817400000000001,.8482985,.83330656,.8586975808085746,.73511,0
10-12,1991,.90303,.85858965,.8393667299999999,.8821211351241308,.754,0
10-12,1992,.94798,.87448755,.84461268,.8771932681420896,.769,0
10-12,1993,.9615600000000001,.86574488,.8274847900000001,.8696007063531881,.78161,0
10-12,1994,.93533,.85824308,.8268305499999999,.8679314860560655,.78893,0
10-12,1995,.93399,.8660733899999999,.83797663,.8673846057345996,.79798,0
10-12,1996,.9401600000000001,.86255308,.83095359,.8731732364327884,.80889,0
10-12,1997,.9599899999999999,.8812675799999999,.84918278,.8694265941298686,.81602,0
10-12,1998,.95634,.8654115899999999,.82872196,.8661622825628201,.82379,0
10-12,1999,.97,.85497815,.8097127399999999,.8673886454625638,.8256,0
10-12,2000,.98725,.8826092,.84098833,.8940202939151136,.83834,0
10-12,2001,1.02231,.9251735600000001,.88586265,.9037644157871479,.85512,0
10-12,2002,1.05095,.9248482099999999,.87535254,.910662003840373,.87283,0
10-12,2003,1.02162,.93112759,.8953026300000001,.9082883909713766,.88918,0
10-12,2004,1.04427,.93531925,.8923147400000001,.9174186755616884,.90381,0
10-12,2005,1.00924,.9331528900000001,.9030403300000001,.9359927419758036,.92134,0
10-12,2006,.9903799999999999,.94644828,.92870278,.9617287901985674,.94126,0
10-12,2007,1.01793,.9842739,.97038516,.9772530754463074,.96539,0
10-12,2008,1.09939,1.04822778,1.02817695,.9907554992518763,.98836,0
10-12,2009,1.06463,.99869012,.9734621,.9949341121793988,.98931,0
10-12,2010,1,1,1,1,1,0
10-12,2011,1.01457,1.0598478,1.07756879,1.017739101505978,1.00943,0
10-12,2012,1.0432,1.08885827,1.10673641,1.028603410557745,1.02112,0
10-12,2013,1.08764,1.11631708,1.12748054,1.032626183369822,1.02905,0
10-12,2014,1.10158,1.10787893,1.11025923,1.031410048928839,1.03498,0
10-12,2015,1.08306,1.09427963,1.09863372,1.030898669860722,1.04687,0
10-12,2016,1.088719128084318,1.099997382097049,1.104374222778453,1.036285248272532,1.052340030670166,1
10-12,2017,1.094398859357137,1.105735950815052,1.110135625006268,1.041691437601208,1.057829976081848,1
10-12,2018,1.104816941562615,1.116261955968155,1.120703512665927,1.051607773804305,1.067899942398071,1
10-12,2019,1.11939100892501,1.130986998939843,1.135487145928976,1.065479938465869,1.081987023353577,1
13-15,1952,,,,,,1
13-15,1953,,,,,,1
13-15,1954,,,,,,1
13-15,1955,,,,,,1
13-15,1956,,,,,,1
13-15,1957,,,,,,1
13-15,1958,,,,,,1
13-15,1959,,,,,,1
13-15,1960,,,,,,1
13-15,1961,,,,,,1
13-15,1962,,,,,,1
13-15,1963,,,,,,1
13-15,1964,,,,,,1
13-15,1965,,,,,,1
13-15,1966,,,,,,1
13-15,1967,,,,,,1
13-15,1968,,,,,,1
13-15,1969,,,,,,1
13-15,1970,,,,,.15977,0
13-15,1971,,,,,.1692,0
13-15,1972,,,,,.18071,0
13-15,1973,,,,,.19492,0
13-15,1974,,,,,.21796,0
13-15,1975,.3219115628299895,.3196078840549103,.3205646895459345,,.24795,0
13-15,1976,.35655,.35399844,.3550582,,.27463,0
13-15,1977,.38939,.39342861,.39742722,,.29875,0
13-15,1978,.4346,.42427445,.4227349,.3951031196971334,.32648,0
13-15,1979,.48482,.46888894,.4654434,.4358744505676199,.36017,0
13-15,1980,.53674,.51897519,.51508991,.4960620120947767,.40227,0
13-15,1981,.57408,.56798795,.5689312000000001,.5597495450163303,.44932,0
13-15,1982,.6315500000000001,.63815557,.6446589500000001,.6326733277225651,.50367,0
13-15,1983,.70318,.70084392,.70409332,.6865399134403484,.5523,0
13-15,1984,.7744,.78245845,.7902328799999999,.7293136586108311,.59137,0
13-15,1985,.8652200000000001,.8435840899999999,.8407365,.7617239994968514,.62363,0
13-15,1986,.9794499999999999,.87296874,.84012619,.7895297251851026,.65524,0
13-15,1987,1.04457,.89573274,.8489230600000001,.8088940468781413,.67156,0
13-15,1988,1.07011,.9205958099999999,.8736443300000001,.8283280733226913,.69313,0
13-15,1989,1.08147,.94612796,.9037969300000001,.8498207447508541,.71599,0
13-15,1990,1.09562,.94699727,.9002126300000001,.8586975808085746,.73511,0
13-15,1991,1.11748,.94467936,.8899937,.8821211351241308,.754,0
13-15,1992,1.14121,.9416593799999999,.8781110599999999,.8771932681420896,.769,0
13-15,1993,1.13987,.9211934100000001,.85131258,.8696007063531881,.78161,0
13-15,1994,1.11384,.91859938,.8562994399999999,.8679314860560655,.78893,0
13-15,1995,1.10558,.93224602,.87710985,.8673846057345996,.79798,0
13-15,1996,1.09297,.9356631,.88574938,.8731732364327884,.80889,0
13-15,1997,1.0997,.95250489,.90590276,.8694265941298686,.81602,0
13-15,1998,1.09469,.95164633,.9063518,.8661622825628201,.82379,0
13-15,1999,1.09487,.94472491,.89727287,.8673886454625638,.8256,0
13-15,2000,1.02845,.9500795599999999,.92563185,.8940202939151136,.83834,0
13-15,2001,1.00242,.9628749000000001,.9513727299999999,.9037644157871479,.85512,0
13-15,2002,1.01898,.9654435100000001,.94931524,.910662003840373,.87283,0
13-15,2003,1.0406,.97714577,.9576077200000001,.9082883909713766,.88918,0
13-15,2004,1.02478,.96152136,.94197546,.9174186755616884,.90381,0
13-15,2005,.98177,.9511551699999999,.94296249,.9359927419758036,.92134,0
13-15,2006,.97175,1.00164239,1.01675002,.9617287901985674,.94126,0
13-15,2007,.96555,.99310424,1.00719228,.9772530754463074,.96539,0
13-15,2008,.9521299999999999,1.00174482,1.02518362,.9907554992518763,.98836,0
13-15,2009,.99896,.9925505200000001,.9899198300000001,.9949341121793988,.98931,0
13-15,2010,1,1,1,1,1,0
13-15,2011,.9378300000000001,1.02869058,1.07337687,1.017739101505978,1.00943,0
13-15,2012,.96336,1.05273473,1.09656277,1.028603410557745,1.02112,0
13-15,2013,.9876900000000001,1.06309821,1.09978144,1.032626183369822,1.02905,0
13-15,2014,.96265,1.07603192,1.13214654,1.031410048928839,1.03498,0
13-15,2015,.89658,1.07177862,1.16048693,1.030898669860722,1.04687,0
13-15,2016,.901264746050854,1.077378801419879,1.166550623772318,1.036285248272532,1.052340030670166,1
13-15,2017,.9059665478573877,1.082999371421128,1.172636393635502,1.041691437601208,1.057829976081848,1
13-15,2018,.914590856892702,1.093308936698429,1.183799254635929,1.051607773804305,1.067899942398071,1
13-15,2019,.9266555784370075,1.10773119752004,1.199415208222063,1.065479938465869,1.081987023353577,1
16-18,1952,,,,,,1
16-18,1953,,,,,,1
16-18,1954,,,,,,1
16-18,1955,,,,,,1
16-18,1956,,,,,,1
16-18,1957,,,,,,1
16-18,1958,,,,,,1
16-18,1959,,,,,,1
16-18,1960,,,,,,1
16-18,1961,,,,,,1
16-18,1962,,,,,,1
16-18,1963,,,,,,1
16-18,1964,,,,,,1
16-18,1965,,,,,,1
16-18,1966,,,,,,1
16-18,1967,,,,,,1
16-18,1968,,,,,,1
16-18,1969,,,,,,1
16-18,1970,,,,,.15977,0
16-18,1971,,,,,.1692,0
16-18,1972,,,,,.18071,0
16-18,1973,,,,,.19492,0
16-18,1974,,,,,.21796,0
16-18,1975,.3834679514255544,.3526691179514256,.3389197699577614,,.24795,0
16-18,1976,.42473,.39061714,.37538833,,.27463,0
16-18,1977,.44527,.41330281,.39912716,,.29875,0
16-18,1978,.47925,.43511391,.41531735,.3951031196971334,.32648,0
16-18,1979,.52411,.47994966,.46018314,.4358744505676199,.36017,0
16-18,1980,.58283,.54877631,.5335536599999999,.4960620120947767,.40227,0
16-18,1981,.66984,.61236556,.5871194200000001,.5597495450163303,.44932,0
16-18,1982,.7507699999999999,.6817449999999999,.65153368,.6326733277225651,.50367,0
16-18,1983,.8218000000000001,.73146708,.69238951,.6865399134403484,.5523,0
16-18,1984,.89964,.8087379699999999,.76902106,.7293136586108311,.59137,0
16-18,1985,.9782,.8625382700000001,.81290493,.7617239994968514,.62363,0
16-18,1986,1.0666,.8727191999999999,.79378298,.7895297251851026,.65524,0
16-18,1987,1.11508,.89169517,.80198026,.8088940468781413,.67156,0
16-18,1988,1.13521,.9184694600000001,.83093087,.8283280733226913,.69313,0
16-18,1989,1.16976,.96740178,.8844794500000001,.8498207447508541,.71599,0
16-18,1990,1.22374,.9731498399999999,.87268574,.8586975808085746,.73511,0
16-18,1991,1.26106,.9684611099999999,.8530767699999999,.8821211351241308,.754,0
16-18,1992,1.28556,.9657777900000001,.8408478700000001,.8771932681420896,.769,0
16-18,1993,1.27015,.92699719,.7945054399999999,.8696007063531881,.78161,0
16-18,1994,1.21741,.9400083600000001,.8304906200000001,.8679314860560655,.78893,0
16-18,1995,1.30696,1.02981593,.9192425799999999,.8673846057345996,.79798,0
16-18,1996,1.29557,.9857689700000001,.86415539,.8731732364327884,.80889,0
16-18,1997,1.27619,.97978141,.86303892,.8694265941298686,.81602,0
16-18,1998,1.28581,.9823854300000001,.8630558899999999,.8661622825628201,.82379,0
16-18,1999,1.26366,.97512384,.8613066,.8673886454625638,.8256,0
16-18,2000,1.31354,1.02157199,.9058960399999999,.8940202939151136,.83834,0
16-18,2001,1.28792,1.0329161,.9311707199999999,.9037644157871479,.85512,0
16-18,2002,1.28503,1.03018541,.92852721,.910662003840373,.87283,0
16-18,2003,1.24108,1.0212472,.9336280100000001,.9082883909713766,.88918,0
16-18,2004,1.20695,1.01475249,.9378543899999999,.9174186755616884,.90381,0
16-18,2005,1.17996,1.02007094,.95550488,.9359927419758036,.92134,0
16-18,2006,1.17534,1.0334188,.9752741500000001,.9617287901985674,.94126,0
16-18,2007,1.18883,1.04217167,.9823069800000001,.9772530754463074,.96539,0
16-18,2008,1.12974,1.03807471,.9990346800000001,.9907554992518763,.98836,0
16-18,2009,1.04285,.99160202,.9703909799999999,.9949341121793988,.98931,0
16-18,2010,1,1,1,1,1,0
16-18,2011,.99429,1.03529789,1.05391663,1.017739101505978,1.00943,0
16-18,2012,.9736400000000001,1.03108845,1.05783237,1.028603410557745,1.02112,0
16-18,2013,.94819,1.02340268,1.0592713,1.032626183369822,1.02905,0
16-18,2014,.92125,1.0240338,1.07405811,1.031410048928839,1.03498,0
16-18,2015,.92727,1.02486216,1.07218137,1.030898669860722,1.04687,0
16-18,2016,.9321151052561684,1.030217196869805,1.077783655840535,1.036285248272532,1.052340030670166,1
16-18,2017,.9369778500878002,1.035591729823179,1.083406337924005,1.041691437601208,1.057829976081848,1
16-18,2018,.9458973698620265,1.045450000124144,1.093719777301179,1.051607773804305,1.067899942398071,1
16-18,2019,.9583750677209885,1.059240935212698,1.108147457679999,1.065479938465869,1.081987023353577,1
19,1952,,,,,,1
19,1953,,,,,,1
19,1954,,,,,,1
19,1955,,,,,,1
19,1956,,,,,,1
19,1957,,,,,,1
19,1958,,,,,,1
19,1959,,,,,,1
19,1960,,,,,,1
19,1961,,,,,,1
19,1962,,,,,,1
19,1963,,,,,,1
19,1964,,,,,,1
19,1965,,,,,,1
19,1966,,,,,,1
19,1967,,,,,,1
19,1968,,,,,,1
19,1969,,,,,,1
19,1970,,,,,.15977,0
19,1971,,,,,.1692,0
19,1972,,,,,.18071,0
19,1973,,,,,.19492,0
19,1974,,,,,.21796,0
19,1975,.0864028511087645,.1099566655755016,.1099108729672651,,.24795,0
19,1976,.0957,.12178826,.12173754,,.27463,0
19,1977,.11338,.13960449,.13934142,,.29875,0
19,1978,.12396,.14850817,.14802785,.3951031196971334,.32648,0
19,1979,.15245,.17608281,.17512076,.4358744505676199,.36017,0
19,1980,.3234,.27070454,.26345196,.4960620120947767,.40227,0
19,1981,.55001,.36718783,.35118794,.5597495450163303,.44932,0
19,1982,.70514,.4295715,.4079045,.6326733277225651,.50367,0
19,1983,.81136,.45876251,.4329804,.6865399134403484,.5523,0
19,1984,.86405,.49386186,.46651548,.7293136586108311,.59137,0
19,1985,.7763899999999999,.5128026299999999,.48894876,.7617239994968514,.62363,0
19,1986,.37895,.32646557,.31549961,.7895297251851026,.65524,0
19,1987,.34236,.29439455,.28447519,.8088940468781413,.67156,0
19,1988,.28198,.27186561,.26423666,.8283280733226913,.69313,0
19,1989,.37327,.3187279,.30800732,.8498207447508541,.71599,0
19,1990,.43171,.35069913,.33793117,.8586975808085746,.73511,0
19,1991,.6023299999999999,.35317279,.33323861,.8821211351241308,.754,0
19,1992,.48461,.31470513,.29956432,.8771932681420896,.769,0
19,1993,.54314,.30861252,.29040503,.8696007063531881,.78161,0
19,1994,.46371,.28753156,.27268164,.8679314860560655,.78893,0
19,1995,.45963,.2850493,.27033434,.8673846057345996,.79798,0
19,1996,.48929,.320484,.30550709,.8731732364327884,.80889,0
19,1997,.57509,.34435724,.3258829,.8694265941298686,.81602,0
19,1998,.5057200000000001,.28151195,.26478906,.8661622825628201,.82379,0
19,1999,.36931,.33420258,.32542532,.8673886454625638,.8256,0
19,2000,.62536,.54167341,.52613365,.8940202939151136,.83834,0
19,2001,.26954,.48383306,.48875577,.9037644157871479,.85512,0
19,2002,.15001,.4607553,.47576642,.910662003840373,.87283,0
19,2003,.28462,.4757489,.48211447,.9082883909713766,.88918,0
19,2004,.50766,.55169967,.54872647,.9174186755616884,.90381,0
19,2005,.68082,.7020768599999999,.6962529399999999,.9359927419758036,.92134,0
19,2006,.42633,.7951140999999999,.81509254,.9617287901985674,.94126,0
19,2007,.60244,.8210923,.8291573200000001,.9772530754463074,.96539,0
19,2008,.71906,.9766063800000001,.9860670399999999,.9907554992518763,.98836,0
19,2009,.73649,.7318764600000001,.73170725,.9949341121793988,.98931,0
19,2010,1,1,1,1,1,0
19,2011,1.26623,1.24858853,1.24801434,1.017739101505978,1.00943,0
19,2012,1.71177,1.43505759,1.42657631,1.028603410557745,1.02112,0
19,2013,1.70837,1.31470571,1.30279812,1.032626183369822,1.02905,0
19,2014,1.03558,1.20996453,1.22933958,1.031410048928839,1.03498,0
19,2015,.11194,.96545292,1.02210985,1.030898669860722,1.04687,0
19,2016,.1125249009267802,.970497535934167,1.027450505695338,1.036285248272532,1.052340030670166,1
19,2017,.113111931302456,.9755605178023541,1.032810605116701,1.041691437601208,1.057829976081848,1
19,2018,.1141886953987029,.9848473235989662,1.042642400622332,1.051607773804305,1.067899942398071,1
19,2019,.1156950026213373,.9978388253544556,1.056396299580531,1.065479938465869,1.081987023353577,1
20-21,1952,,,,,,1
20-21,1953,,,,,,1
20-21,1954,,,,,,1
20-21,1955,,,,,,1
20-21,1956,,,,,,1
20-21,1957,,,,,,1
20-21,1958,,,,,,1
20-21,1959,,,,,,1
20-21,1960,,,,,,1
20-21,1961,,,,,,1
20-21,1962,,,,,,1
20-21,1963,,,,,,1
20-21,1964,,,,,,1
20-21,1965,,,,,,1
20-21,1966,,,,,,1
20-21,1967,,,,,,1
20-21,1968,,,,,,1
20-21,1969,,,,,,1
20-21,1970,,,,,.15977,0
20-21,1971,,,,,.1692,0
20-21,1972,,,,,.18071,0
20-21,1973,,,,,.19492,0
20-21,1974,,,,,.21796,0
20-21,1975,.465828858578572,.3850860842517262,.3481469730617611,,.24795,0
20-21,1976,.515953133419775,.426522247703374,.385608401742091,,.27463,0
20-21,1977,.555932819402179,.4585085288210881,.413888322641353,,.29875,0
20-21,1978,.623764192107215,.489791592136852,.429859514846977,.3951031196971334,.32648,0
20-21,1979,.6558030078949529,.542072044087315,.489561450733275,.4358744505676199,.36017,0
20-21,1980,.738873392855487,.615991967969581,.558767230720132,.4960620120947767,.40227,0
20-21,1981,.8231234253208189,.6866629480587809,.623091076989026,.5597495450163303,.44932,0
20-21,1982,.910181908944126,.7385999503456859,.661204223080322,.6326733277225651,.50367,0
20-21,1983,.979873057063652,.773025769302194,.682309085920675,.6865399134403484,.5523,0
20-21,1984,1.03570172337177,.820245093888518,.725356019811899,.7293136586108311,.59137,0
20-21,1985,1.13017710538504,.862152264691499,.7489580752523339,.7617239994968514,.62363,0
20-21,1986,1.22440441712264,.826547751337959,.672794109385204,.7895297251851026,.65524,0
20-21,1987,1.22520254075842,.8345122481666409,.6829719208237189,.8088940468781413,.67156,0
20-21,1988,1.25473837868122,.8662149830385271,.7146853098303799,.8283280733226913,.69313,0
20-21,1989,1.26329348908501,.893307096999498,.747592363766815,.8498207447508541,.71599,0
20-21,1990,1.23294110333129,.879667686697612,.740327776670396,.8586975808085746,.73511,0
20-21,1991,1.25101022512181,.8722193515111419,.7241159783918321,.8821211351241308,.754,0
20-21,1992,1.23198397823795,.861830883201077,.7170505651958411,.8771932681420896,.769,0
20-21,1993,1.22427094958898,.8510501584550509,.7054073188057159,.8696007063531881,.78161,0
20-21,1994,1.18674320600874,.859480370941705,.730185144490909,.8679314860560655,.78893,0
20-21,1995,1.18258100641344,.880145707865206,.759587911080435,.8673846057345996,.79798,0
20-21,1996,1.16265914811542,.8738494796887279,.758393452132073,.8731732364327884,.80889,0
20-21,1997,1.18118646119268,.884638592094207,.766261156075726,.8694265941298686,.81602,0
20-21,1998,1.18120406711036,.8708512242490509,.7479076297022751,.8661622825628201,.82379,0
20-21,1999,1.15100318565155,.872500017748458,.7608835831939351,.8673886454625638,.8256,0
20-21,2000,1.1156225201938,.9150955473420279,.830939666558276,.8940202939151136,.83834,0
20-21,2001,1.09238255395411,.9218918580613099,.8489294178531379,.9037644157871479,.85512,0
20-21,2002,1.06133551488721,.9080952943193471,.841798734163679,.910662003840373,.87283,0
20-21,2003,1.06857095227103,.9157756625649011,.849782082854067,.9082883909713766,.88918,0
20-21,2004,1.08034600796193,.933885478031211,.8703449639147389,.9174186755616884,.90381,0
20-21,2005,1.04282001320246,.96354339811559,.9285240338019221,.9359927419758036,.92134,0
20-21,2006,1.02677273703415,.973257982704445,.950444165612499,.9617287901985674,.94126,0
20-21,2007,1.00978022781485,.985478150434795,.975973720809408,.9772530754463074,.96539,0
20-21,2008,1.03149899928192,1.0308117892968,1.03175872353892,.9907554992518763,.98836,0
20-21,2009,.9852976039426029,.95495891756926,.941836264084534,.9949341121793988,.98931,0
20-21,2010,1,1,1,1,1,0
20-21,2011,1.0120743197489,1.04033474447934,1.05251540807907,1.017739101505978,1.00943,0
20-21,2012,.9858767624140969,1.04819092617979,1.07565281990416,1.028603410557745,1.02112,0
20-21,2013,.9947762683382829,1.03784026563204,1.0563238213859,1.032626183369822,1.02905,0
20-21,2014,.978885113808396,1.01107533033476,1.02428420723439,1.031410048928839,1.03498,0
20-21,2015,1.00570916426138,.986628295100608,.975074115595983,1.030898669860722,1.04687,0
20-21,2016,1.01096412426002,.9917835550987492,.9801690035171147,1.036285248272532,1.052340030670166,1
20-21,2017,1.01623821599235,.9969575838527713,.9852824403974972,1.041691437601208,1.057829976081848,1
20-21,2018,1.025912251362576,1.00644807808634,.994661793612197,1.051607773804305,1.067899942398071,1
20-21,2019,1.039445456454559,1.01972452374442,1.007782761835585,1.065479938465869,1.081987023353577,1
22-23,1952,,,,,,1
22-23,1953,,,,,,1
22-23,1954,,,,,,1
22-23,1955,,,,,,1
22-23,1956,,,,,,1
22-23,1957,,,,,,1
22-23,1958,,,,,,1
22-23,1959,,,,,,1
22-23,1960,,,,,,1
22-23,1961,,,,,,1
22-23,1962,,,,,,1
22-23,1963,,,,,,1
22-23,1964,,,,,,1
22-23,1965,,,,,,1
22-23,1966,,,,,,1
22-23,1967,,,,,,1
22-23,1968,,,,,,1
22-23,1969,,,,,,1
22-23,1970,,,,,.15977,0
22-23,1971,,,,,.1692,0
22-23,1972,,,,,.18071,0
22-23,1973,,,,,.19492,0
22-23,1974,,,,,.21796,0
22-23,1975,.4767866420274551,.3995067673178458,.3604526966737065,,.24795,0
22-23,1976,.5280899999999999,.44249463,.39923825,,.27463,0
22-23,1977,.56665,.47289918,.4254528,,.29875,0
22-23,1978,.6299900000000001,.50928118,.44751445,.3951031196971334,.32648,0
22-23,1979,.6909399999999999,.56167345,.49549457,.4358744505676199,.36017,0
22-23,1980,.74783,.61911025,.55256593,.4960620120947767,.40227,0
22-23,1981,.7982299999999999,.67683385,.6127970899999999,.5597495450163303,.44932,0
22-23,1982,.8479300000000001,.72526624,.66002994,.6326733277225651,.50367,0
22-23,1983,.90444,.7636253200000001,.6896660400000001,.6865399134403484,.5523,0
22-23,1984,.93662,.7977030700000001,.72404526,.7293136586108311,.59137,0
22-23,1985,.9894700000000001,.83767781,.7576878600000001,.7617239994968514,.62363,0
22-23,1986,1.10581,.83508946,.69998475,.7895297251851026,.65524,0
22-23,1987,1.15183,.8474445799999999,.69717517,.8088940468781413,.67156,0
22-23,1988,1.22019,.8873429899999999,.72349515,.8283280733226913,.69313,0
22-23,1989,1.24616,.9178400799999999,.75558083,.8498207447508541,.71599,0
22-23,1990,1.2213,.92073043,.77124781,.8586975808085746,.73511,0
22-23,1991,1.23397,.92670308,.77406704,.8821211351241308,.754,0
22-23,1992,1.23269,.9226462999999999,.76872524,.8771932681420896,.769,0
22-23,1993,1.21534,.90637945,.75314105,.8696007063531881,.78161,0
22-23,1994,1.20629,.9167495999999999,.7725095399999999,.8679314860560655,.78893,0
22-23,1995,1.24336,.9508765,.8049681,.8673846057345996,.79798,0
22-23,1996,1.20487,.9337135600000001,.79789917,.8731732364327884,.80889,0
22-23,1997,1.21232,.94170886,.80603645,.8694265941298686,.81602,0
22-23,1998,1.23584,.94135427,.79491278,.8661622825628201,.82379,0
22-23,1999,1.20657,.93342496,.7968729600000001,.8673886454625638,.8256,0
22-23,2000,1.16399,.94284238,.8301935899999999,.8940202939151136,.83834,0
22-23,2001,1.18004,.9626434899999999,.85151614,.9037644157871479,.85512,0
22-23,2002,1.17802,.96324577,.8533642100000001,.910662003840373,.87283,0
22-23,2003,1.12788,.9652121699999999,.8831664100000001,.9082883909713766,.88918,0
22-23,2004,1.08913,.9688766599999999,.9083227100000001,.9174186755616884,.90381,0
22-23,2005,1.05991,.98393105,.9461908999999999,.9359927419758036,.92134,0
22-23,2006,1.03714,.9979479600000001,.9794265799999999,.9617287901985674,.94126,0
22-23,2007,1.05235,1.01420596,.9962332700000001,.9772530754463074,.96539,0
22-23,2008,1.01295,1.02970252,1.0409663,.9907554992518763,.98836,0
22-23,2009,1.03029,.99978735,.98426222,.9949341121793988,.98931,0
22-23,2010,1,1,1,1,1,0
22-23,2011,.9434399999999999,1.02035073,1.06170141,1.017739101505978,1.00943,0
22-23,2012,.96556,1.03562538,1.07317998,1.028603410557745,1.02112,0
22-23,2013,1.00702,1.04242962,1.06091372,1.032626183369822,1.02905,0
22-23,2014,1.01511,1.03638429,1.04710779,1.031410048928839,1.03498,0
22-23,2015,1.02582,1.02548201,1.02427677,1.030898669860722,1.04687,0
22-23,2016,1.031180041707251,1.030840285665941,1.02962874813161,1.036285248272532,1.052340030670166,1
22-23,2017,1.036559597719183,1.036218069206937,1.035000211210841,1.041691437601208,1.057829976081848,1
22-23,2018,1.046427081596368,1.046082301918346,1.044852850576177,1.051607773804305,1.067899942398071,1
22-23,2019,1.060230905744329,1.059881577944294,1.058635908434205,1.065479938465869,1.081987023353577,1
24-25,1952,,,,,,1
24-25,1953,,,,,,1
24-25,1954,,,,,,1
24-25,1955,,,,,,1
24-25,1956,,,,,,1
24-25,1957,,,,,,1
24-25,1958,,,,,,1
24-25,1959,,,,,,1
24-25,1960,,,,,,1
24-25,1961,,,,,,1
24-25,1962,,,,,,1
24-25,1963,,,,,,1
24-25,1964,,,,,,1
24-25,1965,,,,,,1
24-25,1966,,,,,,1
24-25,1967,,,,,,1
24-25,1968,,,,,,1
24-25,1969,,,,,,1
24-25,1970,,,,,.15977,0
24-25,1971,,,,,.1692,0
24-25,1972,,,,,.18071,0
24-25,1973,,,,,.19492,0
24-25,1974,,,,,.21796,0
24-25,1975,.1950068109820486,.2471425802534319,.273376363780359,,.24795,0
24-25,1976,.21599,.2737357,.3027923,,.27463,0
24-25,1977,.23386,.29276954,.32254334,,.29875,0
24-25,1978,.25826,.31422128,.34282765,.3951031196971334,.32648,0
24-25,1979,.30652,.36069319,.38895608,.4358744505676199,.36017,0
24-25,1980,.36679,.41961739,.44792122,.4960620120947767,.40227,0
24-25,1981,.4160199999999999,.45939355,.48366611,.5597495450163303,.44932,0
24-25,1982,.50043,.5385983600000001,.56100334,.6326733277225651,.50367,0
24-25,1983,.57343,.59659235,.6118578099999999,.6865399134403484,.5523,0
24-25,1984,.6500900000000001,.65911242,.66785434,.7293136586108311,.59137,0
24-25,1985,.7146899999999999,.7001602200000001,.69784458,.7617239994968514,.62363,0
24-25,1986,.70985,.67061561,.65667007,.7895297251851026,.65524,0
24-25,1987,.7114400000000001,.66089683,.64188744,.8088940468781413,.67156,0
24-25,1988,.7696,.70177296,.6755761800000001,.8283280733226913,.69313,0
24-25,1989,.84454,.75792826,.7240266900000001,.8498207447508541,.71599,0
24-25,1990,.9057599999999999,.74031636,.6735022399999999,.8586975808085746,.73511,0
24-25,1991,.9056799999999999,.7204081800000001,.6452784499999999,.8821211351241308,.754,0
24-25,1992,.9046500000000001,.70759829,.62728474,.8771932681420896,.769,0
24-25,1993,.89997,.6986283600000001,.61639391,.8696007063531881,.78161,0
24-25,1994,.92364,.72767044,.64767977,.8679314860560655,.78893,0
24-25,1995,.97295,.7716745699999999,.68949391,.8673846057345996,.79798,0
24-25,1996,.9562,.76861885,.69212727,.8731732364327884,.80889,0
24-25,1997,.9732999999999999,.7795936600000001,.7006594800000001,.8694265941298686,.81602,0
24-25,1998,.96691,.77508595,.69689633,.8661622825628201,.82379,0
24-25,1999,.95298,.76038277,.6819553500000001,.8673886454625638,.8256,0
24-25,2000,1.00004,.8070460300000001,.72830063,.8940202939151136,.83834,0
24-25,2001,.9769100000000001,.80381176,.73286188,.9037644157871479,.85512,0
24-25,2002,.95294,.79223776,.72621631,.910662003840373,.87283,0
24-25,2003,.92769,.7929596499999999,.7373186300000001,.9082883909713766,.88918,0
24-25,2004,.9556699999999999,.84173784,.79435382,.9174186755616884,.90381,0
24-25,2005,1.01994,.87971623,.8221913999999999,.9359927419758036,.92134,0
24-25,2006,1.01763,.93776139,.90195759,.9617287901985674,.94126,0
24-25,2007,1.08037,.9810578200000001,.93790184,.9772530754463074,.96539,0
24-25,2008,1.10283,1.02258061,.98633962,.9907554992518763,.98836,0
24-25,2009,.9914000000000001,.95968473,.94582523,.9949341121793988,.98931,0
24-25,2010,1,1,1,1,1,0
24-25,2011,1.04942,1.0556735,1.05838556,1.017739101505978,1.00943,0
24-25,2012,1.02103,1.03746146,1.04468267,1.028603410557745,1.02112,0
24-25,2013,.97747,1.01077889,1.02613833,1.032626183369822,1.02905,0
24-25,2014,.97246,.9960393999999999,1.00683926,1.031410048928839,1.03498,0
24-25,2015,.98497,.99040914,.99265772,1.030898669860722,1.04687,0
24-25,2016,.99011659519252,.9955841554000142,.9978444845203102,1.036285248272532,1.052340030670166,1
24-25,2017,.995281927594962,1.000778011479404,1.00305013249502,1.041691437601208,1.057829976081848,1
24-25,2018,1.004756470491874,1.010304874107123,1.01259862447964,1.051607773804305,1.067899942398071,1
24-25,2019,1.018010601500255,1.023632196252425,1.025956204372795,1.065479938465869,1.081987023353577,1
26-27,1952,,,,,,1
26-27,1953,,,,,,1
26-27,1954,,,,,,1
26-27,1955,,,,,,1
26-27,1956,,,,,,1
26-27,1957,,,,,,1
26-27,1958,,,,,,1
26-27,1959,,,,,,1
26-27,1960,,,,,,1
26-27,1961,,,,,,1
26-27,1962,,,,,,1
26-27,1963,,,,,,1
26-27,1964,,,,,,1
26-27,1965,,,,,,1
26-27,1966,,,,,,1
26-27,1967,,,,,,1
26-27,1968,,,,,,1
26-27,1969,,,,,,1
26-27,1970,,,,,.15977,0
26-27,1971,,,,,.1692,0
26-27,1972,,,,,.18071,0
26-27,1973,,,,,.19492,0
26-27,1974,,,,,.21796,0
26-27,1975,1.127659792413765,.9955899882685449,.9178367754051201,,.24795,0
26-27,1976,1.24899862387817,1.10271779987171,1.01659815942532,,.27463,0
26-27,1977,1.32866891250464,1.17669655579406,1.087001656946,,.29875,0
26-27,1978,1.40552562258562,1.2492153054595,1.15681257742689,.3951031196971334,.32648,0
26-27,1979,1.4662342784062,1.29001971962931,1.18624208415533,.4358744505676199,.36017,0
26-27,1980,1.53130915682871,1.34497692856324,1.23539148105049,.4960620120947767,.40227,0
26-27,1981,1.67463178308881,1.44323830978386,1.30990994682019,.5597495450163303,.44932,0
26-27,1982,1.8437720022976,1.55911741147637,1.39745694742022,.6326733277225651,.50367,0
26-27,1983,1.98014307913964,1.636083882315,1.44322028433433,.6865399134403484,.5523,0
26-27,1984,2.08968565843523,1.71638836610273,1.50755939823204,.7293136586108311,.59137,0
26-27,1985,2.18128415473543,1.75456628443775,1.51833011778509,.7617239994968514,.62363,0
26-27,1986,2.31317496794797,1.75596123411267,1.45742210415535,.7895297251851026,.65524,0
26-27,1987,2.30845878073419,1.72161775385178,1.40993151779047,.8088940468781413,.67156,0
26-27,1988,2.31534559031715,1.72375713242365,1.40956375608951,.8283280733226913,.69313,0
26-27,1989,2.29928316594489,1.73303562297785,1.43053840543809,.8498207447508541,.71599,0
26-27,1990,2.29886380542403,1.69422310282993,1.37490095639745,.8586975808085746,.73511,0
26-27,1991,2.25928686312721,1.63430881699372,1.30788538036912,.8821211351241308,.754,0
26-27,1992,2.24339246792501,1.59523877746113,1.2596757925054,.8771932681420896,.769,0
26-27,1993,2.17548545468166,1.52487592741709,1.19068224554181,.8696007063531881,.78161,0
26-27,1994,2.08581644888433,1.48322139966634,1.17091796027934,.8679314860560655,.78893,0
26-27,1995,2.02682268262926,1.47516693498442,1.18369028611198,.8673846057345996,.79798,0
26-27,1996,1.97661774112962,1.46052660379193,1.18426900636891,.8731732364327884,.80889,0
26-27,1997,1.8804800383974,1.40935409183792,1.15334321708179,.8694265941298686,.81602,0
26-27,1998,1.80834031962525,1.35229885961179,1.10558490266311,.8661622825628201,.82379,0
26-27,1999,1.72843169530715,1.28535863062097,1.0477685187592,.8673886454625638,.8256,0
26-27,2000,1.6999243752764,1.27240310543399,1.04101808933322,.8940202939151136,.83834,0
26-27,2001,1.67861748773481,1.2294013643019,.9939047217677061,.9037644157871479,.85512,0
26-27,2002,1.61952755776929,1.16766476885275,.9347763131586061,.910662003840373,.87283,0
26-27,2003,1.50601907008945,1.12158023792808,.9181262651951001,.9082883909713766,.88918,0
26-27,2004,1.39262530310878,1.09006843620254,.924842430918507,.9174186755616884,.90381,0
26-27,2005,1.28565776088466,1.07395590694879,.9538873114291261,.9359927419758036,.92134,0
26-27,2006,1.15974066832759,1.06783127130305,1.01290054577388,.9617287901985674,.94126,0
26-27,2007,1.16792967768617,1.068191630149,1.00916609754576,.9772530754463074,.96539,0
26-27,2008,1.10579840468795,1.04970877268201,1.01505377461014,.9907554992518763,.98836,0
26-27,2009,1.10331423887264,1.03107273183504,.987529440558241,.9949341121793988,.98931,0
26-27,2010,1,1,1,1,1,0
26-27,2011,.962743258940001,.996412186855189,1.01763932890035,1.017739101505978,1.00943,0
26-27,2012,.945523987875027,.9884206312231371,1.01593314508827,1.028603410557745,1.02112,0
26-27,2013,.905586385634038,.96318443325109,1.00177472535211,1.032626183369822,1.02905,0
26-27,2014,.879686992985684,.9432901061952499,.98627155488203,1.031410048928839,1.03498,0
26-27,2015,.9132765767186229,.9425607347830121,.961245023397455,1.030898669860722,1.04687,0
26-27,2016,.9180485645346795,.947485736099085,.9662676525295617,1.036285248272532,1.052340030670166,1
26-27,2017,.922837925727524,.9524286678682193,.9713085675483348,1.041691437601208,1.057829976081848,1
26-27,2018,.9316228411085667,.961495271028363,.9805548970899681,1.051607773804305,1.067899942398071,1
26-27,2019,.9439122381406739,.9741787268312506,.993489775788065,1.065479938465869,1.081987023353577,1
28,1952,,,,,,1
28,1953,,,,,,1
28,1954,,,,,,1
28,1955,,,,,,1
28,1956,,,,,,1
28,1957,,,,,,1
28,1958,,,,,,1
28,1959,,,,,,1
28,1960,,,,,,1
28,1961,,,,,,1
28,1962,,,,,,1
28,1963,,,,,,1
28,1964,,,,,,1
28,1965,,,,,,1
28,1966,,,,,,1
28,1967,,,,,,1
28,1968,,,,,,1
28,1969,,,,,,1
28,1970,,,,,.15977,0
28,1971,,,,,.1692,0
28,1972,,,,,.18071,0
28,1973,,,,,.19492,0
28,1974,,,,,.21796,0
28,1975,.5247641499472018,.5064639357972546,.4934439560718057,,.24795,0
28,1976,.58123,.56096064,.54653968,,.27463,0
28,1977,.6182099999999999,.59534027,.57946365,,.29875,0
28,1978,.6662300000000001,.64943383,.63574706,.3951031196971334,.32648,0
28,1979,.7217600000000001,.68857929,.6674997899999999,.4358744505676199,.36017,0
28,1980,.78094,.74523273,.72252967,.4960620120947767,.40227,0
28,1981,.8469599999999999,.80739571,.7824585399999999,.5597495450163303,.44932,0
28,1982,.91291,.8810010699999999,.85807188,.6326733277225651,.50367,0
28,1983,.9666800000000001,.92214073,.89395757,.6865399134403484,.5523,0
28,1984,.99942,.9587707600000001,.93163243,.7293136586108311,.59137,0
28,1985,1.03111,.9847737,.9551054600000001,.7617239994968514,.62363,0
28,1986,1.10427,1.00155054,.9496401899999999,.7895297251851026,.65524,0
28,1987,1.13125,1.00666622,.9461884,.8088940468781413,.67156,0
28,1988,1.12667,1.01263172,.9562708600000001,.8283280733226913,.69313,0
28,1989,1.1295,1.02723609,.97533487,.8498207447508541,.71599,0
28,1990,1.17903,1.04702759,.9831964399999999,.8586975808085746,.73511,0
28,1991,1.22657,1.05954446,.98244522,.8821211351241308,.754,0
28,1992,1.24846,1.05335075,.96589493,.8771932681420896,.769,0
28,1993,1.20888,1.0096675,.92146119,.8696007063531881,.78161,0
28,1994,1.15104,.98105932,.90411726,.8679314860560655,.78893,0
28,1995,1.12998,.98949522,.92364744,.8673846057345996,.79798,0
28,1996,1.13466,.99404784,.9281183900000001,.8731732364327884,.80889,0
28,1997,1.13251,.9926570100000001,.92704273,.8694265941298686,.81602,0
28,1998,1.12011,.98858515,.92645983,.8661622825628201,.82379,0
28,1999,1.12692,.9896673199999999,.9250760699999999,.8673886454625638,.8256,0
28,2000,1.07951,.9860870799999999,.94091848,.8940202939151136,.83834,0
28,2001,1.04892,.98143628,.94816609,.9037644157871479,.85512,0
28,2002,1.0154,.96033463,.9328596,.910662003840373,.87283,0
28,2003,.9920699999999999,.95331391,.9335603,.9082883909713766,.88918,0
28,2004,.94407,.94596822,.94634162,.9174186755616884,.90381,0
28,2005,.93877,.9549796700000001,.9623061900000001,.9359927419758036,.92134,0
28,2006,.91732,.97036954,.99580645,.9617287901985674,.94126,0
28,2007,.9404300000000001,.9709473599999999,.9854199199999999,.9772530754463074,.96539,0
28,2008,.95462,.9897443500000001,1.0064231,.9907554992518763,.98836,0
28,2009,1.01339,.99788027,.99002881,.9949341121793988,.98931,0
28,2010,1,1,1,1,1,0
28,2011,.98895,1.01450255,1.02753583,1.017739101505978,1.00943,0
28,2012,1.02007,1.02783415,1.03204712,1.028603410557745,1.02112,0
28,2013,.9906699999999999,1.0144222,1.02665243,1.032626183369822,1.02905,0
28,2014,1.00924,1.01706878,1.02126318,1.031410048928839,1.03498,0
28,2015,1.02821,1.01572965,1.00954131,1.030898669860722,1.04687,0
28,2016,1.033582529765273,1.021036968328061,1.01481629345401,1.036285248272532,1.052340030670166,1
28,2017,1.038974619300503,1.026363609010788,1.020110481541106,1.041691437601208,1.057829976081848,1
28,2018,1.048865092870291,1.036134032618198,1.029821378774321,1.051607773804305,1.067899942398071,1
28,2019,1.062701077767422,1.049802077178131,1.043406150677133,1.065479938465869,1.081987023353577,1
29-30,1952,,,,,,1
29-30,1953,,,,,,1
29-30,1954,,,,,,1
29-30,1955,,,,,,1
29-30,1956,,,,,,1
29-30,1957,,,,,,1
29-30,1958,,,,,,1
29-30,1959,,,,,,1
29-30,1960,,,,,,1
29-30,1961,,,,,,1
29-30,1962,,,,,,1
29-30,1963,,,,,,1
29-30,1964,,,,,,1
29-30,1965,,,,,,1
29-30,1966,,,,,,1
29-30,1967,,,,,,1
29-30,1968,,,,,,1
29-30,1969,,,,,,1
29-30,1970,,,,,.15977,0
29-30,1971,,,,,.1692,0
29-30,1972,,,,,.18071,0
29-30,1973,,,,,.19492,0
29-30,1974,,,,,.21796,0
29-30,1975,.2991868004223865,.3063140334741288,.3072053190601901,,.24795,0
29-30,1976,.33138,.33927414,.34026133,,.27463,0
29-30,1977,.3581,.36784532,.36940304,,.29875,0
29-30,1978,.3815999999999999,.39374439,.39616623,.3951031196971334,.32648,0
29-30,1979,.42381,.4310314,.4313471,.4358744505676199,.36017,0
29-30,1980,.45797,.47063535,.47272752,.4960620120947767,.40227,0
29-30,1981,.49196,.51325631,.51832628,.5597495450163303,.44932,0
29-30,1982,.52697,.5614546500000001,.57101202,.6326733277225651,.50367,0
29-30,1983,.57521,.60312077,.61001314,.6865399134403484,.5523,0
29-30,1984,.62181,.6512648299999999,.6584757299999999,.7293136586108311,.59137,0
29-30,1985,.6493899999999999,.68331968,.69193099,.7617239994968514,.62363,0
29-30,1986,.69884,.70746099,.70714697,.7895297251851026,.65524,0
29-30,1987,.7358899999999999,.7343843,.7305661499999999,.8088940468781413,.67156,0
29-30,1988,.76794,.76210483,.75670638,.8283280733226913,.69313,0
29-30,1989,.7706999999999999,.78474115,.78581154,.8498207447508541,.71599,0
29-30,1990,.81084,.8378265500000001,.84296656,.8586975808085746,.73511,0
29-30,1991,.85092,.8784409,.88356727,.8821211351241308,.754,0
29-30,1992,.8604900000000001,.89043277,.89631845,.8771932681420896,.769,0
29-30,1993,.9073699999999999,.89092698,.8803925300000001,.8696007063531881,.78161,0
29-30,1994,.8922,.9018573600000001,.9002974,.8679314860560655,.78893,0
29-30,1995,.86985,.9029271099999999,.9094888799999999,.8673846057345996,.79798,0
29-30,1996,.8656100000000001,.91501553,.92732193,.8731732364327884,.80889,0
29-30,1997,.8873099999999999,.91096981,.91426861,.8694265941298686,.81602,0
29-30,1998,.8796200000000001,.90396617,.90749903,.8661622825628201,.82379,0
29-30,1999,.86653,.90052512,.90693385,.8673886454625638,.8256,0
29-30,2000,.8976500000000001,.9231691,.9272199000000001,.8940202939151136,.83834,0
29-30,2001,.96429,.94334213,.93637601,.9037644157871479,.85512,0
29-30,2002,1.06977,.95937651,.9320840800000001,.910662003840373,.87283,0
29-30,2003,.9572799999999999,.93463533,.92995258,.9082883909713766,.88918,0
29-30,2004,.91744,.93451026,.93971387,.9174186755616884,.90381,0
29-30,2005,.9080800000000001,.94287601,.9526135600000001,.9359927419758036,.92134,0
29-30,2006,.92297,.95677053,.9662793000000001,.9617287901985674,.94126,0
29-30,2007,.93353,.97729259,.9893995,.9772530754463074,.96539,0
29-30,2008,.9580500000000001,.9910317200000001,1.00030998,.9907554992518763,.98836,0
29-30,2009,1.00715,.9980408199999999,.9956204599999999,.9949341121793988,.98931,0
29-30,2010,1,1,1,1,1,0
29-30,2011,.9601000000000001,1.00946695,1.02198041,1.017739101505978,1.00943,0
29-30,2012,1.02338,1.02486788,1.02493632,1.028603410557745,1.02112,0
29-30,2013,1.08404,1.03015445,1.0165207,1.032626183369822,1.02905,0
29-30,2014,1.08198,1.0343676,1.02202871,1.031410048928839,1.03498,0
29-30,2015,1.08844,1.0441573,1.03255708,1.030898669860722,1.04687,0
29-30,2016,1.09412723927769,1.049613156463054,1.037952323818523,1.036285248272532,1.052340030670166,1
29-30,2017,1.099835184088308,1.055088876063587,1.043367210102059,1.041691437601208,1.057829976081848,1
29-30,2018,1.110305017149939,1.065132748597749,1.053299498748384,1.051607773804305,1.067899942398071,1
29-30,2019,1.124951479838917,1.079183326430128,1.06719397960765,1.065479938465869,1.081987023353577,1
31-33,1952,,,,,,1
31-33,1953,,,,,,1
31-33,1954,,,,,,1
31-33,1955,,,,,,1
31-33,1956,,,,,,1
31-33,1957,,,,,,1
31-33,1958,,,,,,1
31-33,1959,,,,,,1
31-33,1960,,,,,,1
31-33,1961,,,,,,1
31-33,1962,,,,,,1
31-33,1963,,,,,,1
31-33,1964,,,,,,1
31-33,1965,,,,,,1
31-33,1966,,,,,,1
31-33,1967,,,,,,1
31-33,1968,,,,,,1
31-33,1969,,,,,,1
31-33,1970,,,,,.15977,0
31-33,1971,,,,,.1692,0
31-33,1972,,,,,.18071,0
31-33,1973,,,,,.19492,0
31-33,1974,,,,,.21796,0
31-33,1975,.5618623020063358,.4689179605596622,.4071727045406547,,.24795,0
31-33,1976,.62232,.5193746300000001,.45098544,,.27463,0
31-33,1977,.65144,.5541084399999999,.4883026,,.29875,0
31-33,1978,.6869499999999999,.5993011500000001,.5387710100000001,.3951031196971334,.32648,0
31-33,1979,.7309399999999999,.64495514,.58477616,.4358744505676199,.36017,0
31-33,1980,.79672,.71904136,.66245535,.4960620120947767,.40227,0
31-33,1981,.86295,.7894404,.73437646,.5597495450163303,.44932,0
31-33,1982,.9285599999999999,.8606710200000001,.80814818,.6326733277225651,.50367,0
31-33,1983,.9695999999999999,.9150832099999999,.8710884900000001,.6865399134403484,.5523,0
31-33,1984,1.01282,.95832419,.91404403,.7293136586108311,.59137,0
31-33,1985,1.04005,.98601353,.94186767,.7617239994968514,.62363,0
31-33,1986,1.08735,1.00432181,.93945036,.7895297251851026,.65524,0
31-33,1987,1.09212,1.00596375,.93890021,.8088940468781413,.67156,0
31-33,1988,1.08505,1.01604446,.96132006,.8283280733226913,.69313,0
31-33,1989,1.07964,1.03640155,1.0000045,.8498207447508541,.71599,0
31-33,1990,1.09714,1.05428354,1.01809175,.8586975808085746,.73511,0
31-33,1991,1.10098,1.06392068,1.03186019,.8821211351241308,.754,0
31-33,1992,1.0916,1.05830576,1.02918013,.8771932681420896,.769,0
31-33,1993,1.05838,1.02662937,.99887614,.8696007063531881,.78161,0
31-33,1994,1.01506,1.01141343,1.00628357,.8679314860560655,.78893,0
31-33,1995,.99355,.9964966900000001,.99641492,.8673846057345996,.79798,0
31-33,1996,.9761,.9896806499999999,.99807806,.8731732364327884,.80889,0
31-33,1997,.96071,.9718822500000001,.97839024,.8694265941298686,.81602,0
31-33,1998,.95158,.95265411,.9515085600000001,.8661622825628201,.82379,0
31-33,1999,.9341200000000001,.92684003,.91944216,.8673886454625638,.8256,0
31-33,2000,.9533,.9410024699999999,.9299042799999999,.8940202939151136,.83834,0
31-33,2001,.95426,.94734907,.9402203299999999,.9037644157871479,.85512,0
31-33,2002,.9521500000000001,.93846661,.92636441,.910662003840373,.87283,0
31-33,2003,.9416599999999999,.93439088,.9270377499999999,.9082883909713766,.88918,0
31-33,2004,.9182899999999999,.93789663,.9511503100000001,.9174186755616884,.90381,0
31-33,2005,.9072100000000001,.94838425,.97838657,.9359927419758036,.92134,0
31-33,2006,.91009,.9339379999999999,.95118574,.9617287901985674,.94126,0
31-33,2007,.92136,.9531564400000001,.97611989,.9772530754463074,.96539,0
31-33,2008,.92946,.9665297900000001,.99326607,.9907554992518763,.98836,0
31-33,2009,.9747100000000001,.97721583,.97906052,.9949341121793988,.98931,0
31-33,2010,1,1,1,1,1,0
31-33,2011,1.01314,1.01614758,1.01833379,1.017739101505978,1.00943,0
31-33,2012,1.03826,1.03189676,1.02699924,1.028603410557745,1.02112,0
31-33,2013,1.08617,1.04971758,1.02296535,1.032626183369822,1.02905,0
31-33,2014,1.11941,1.06124257,1.01868783,1.031410048928839,1.03498,0
31-33,2015,1.13961,1.0688953,1.0172287,1.030898669860722,1.04687,0
31-33,2016,1.145564609122458,1.074480415701277,1.022543851057508,1.036285248272532,1.052340030670166,1
31-33,2017,1.15154089719128,1.080085865134161,1.027878352986302,1.041691437601208,1.057829976081848,1
31-33,2018,1.162502940533463,1.090367695415447,1.037663196132915,1.051607773804305,1.067899942398071,1
31-33,2019,1.17783796620781,1.104751157186306,1.051351412479896,1.065479938465869,1.081987023353577,1
45,1952,,,,,,1
45,1953,,,,,,1
45,1954,,,,,,1
45,1955,,,,,,1
45,1956,,,,,,1
45,1957,,,,,,1
45,1958,,,,,,1
45,1959,,,,,,1
45,1960,,,,,,1
45,1961,,,,,,1
45,1962,,,,,,1
45,1963,,,,,,1
45,1964,,,,,,1
45,1965,,,,,,1
45,1966,,,,,,1
45,1967,,,,,,1
45,1968,,,,,,1
45,1969,,,,,,1
45,1970,,,,,.15977,0
45,1971,,,,,.1692,0
45,1972,,,,,.18071,0
45,1973,,,,,.19492,0
45,1974,,,,,.21796,0
45,1975,,,0,,.24795,0
45,1976,,,0,,.27463,0
45,1977,,,0,,.29875,0
45,1978,,.2659262949074049,.38766781,.3951031196971334,.32648,0
45,1979,,.29336766,.41238263,.4358744505676199,.36017,0
45,1980,,.32151588,.44947926,.4960620120947767,.40227,0
45,1981,,.35075072,.47976121,.5597495450163303,.44932,0
45,1982,,.37771834,.51198985,.6326733277225651,.50367,0
45,1983,,.40851614,.54994004,.6865399134403484,.5523,0
45,1984,,.43570124,.60209223,.7293136586108311,.59137,0
45,1985,,.46443551,.64368384,.7617239994968514,.62363,0
45,1986,,.49999324,.6766283199999999,.7895297251851026,.65524,0
45,1987,,.54177819,.6960781699999999,.8088940468781413,.67156,0
45,1988,,.5634787,.70746427,.8283280733226913,.69313,0
45,1989,,.58610566,.7361850599999999,.8498207447508541,.71599,0
45,1990,,.61793448,.7637578899999999,.8586975808085746,.73511,0
45,1991,,.6466635100000001,.77106617,.8821211351241308,.754,0
45,1992,,.6692981299999999,.78558229,.8771932681420896,.769,0
45,1993,,.68821984,.8080787100000001,.8696007063531881,.78161,0
45,1994,,.70991853,.8394758,.8679314860560655,.78893,0
45,1995,.6323248409548887,.7308383899999999,.85662145,.8673846057345996,.79798,0
45,1996,.6409699999999999,.7530436,.9005463500000001,.8731732364327884,.80889,0
45,1997,.6531699999999999,.77131401,.9481972000000001,.8694265941298686,.81602,0
45,1998,.67291,.79298133,.97868539,.8661622825628201,.82379,0
45,1999,.68402,.81107059,1.01709929,.8673886454625638,.8256,0
45,2000,.69279,.81625499,1.01523991,.8940202939151136,.83834,0
45,2001,.69765,.80090912,.9601905399999999,.9037644157871479,.85512,0
45,2002,.72553,.82556156,.9772347299999999,.910662003840373,.87283,0
45,2003,.77842,.85755497,.97329615,.9082883909713766,.88918,0
45,2004,.82013,.883113,.97361237,.9174186755616884,.90381,0
45,2005,.84533,.90778092,.99742334,.9359927419758036,.92134,0
45,2006,.8660899999999999,.92601779,1.01185592,.9617287901985674,.94126,0
45,2007,.90637,.94200882,.99376973,.9772530754463074,.96539,0
45,2008,.95521,.97522237,1.00450669,.9907554992518763,.98836,0
45,2009,.97028,.98067181,.99468922,.9949341121793988,.98931,0
45,2010,1,1,1,1,1,0
45,2011,.98027,1.00220855,1.02935593,1.017739101505978,1.00943,0
45,2012,1.00366,1.01692732,1.03321036,1.028603410557745,1.02112,0
45,2013,.96787,.99167777,1.02318032,1.032626183369822,1.02905,0
45,2014,1.00527,1.01342591,1.02245086,1.031410048928839,1.03498,0
45,2015,1.01198567369716,1.00915040182987,1.01737932410469,1.030898669860722,1.04687,0
45,2016,1.017273429266516,1.014423342738311,1.022695262192557,1.036285248272532,1.052340030670166,1
45,2017,1.022580435968401,1.019715480843542,1.028030554017052,1.041691437601208,1.057829976081848,1
45,2018,1.03231484582505,1.029422617884846,1.037816846034739,1.051607773804305,1.067899942398071,1
45,2019,1.045932510015622,1.043002129578617,1.051507089236971,1.065479938465869,1.081987023353577,1
46,1952,,,,,,1
46,1953,,,,,,1
46,1954,,,,,,1
46,1955,,,,,,1
46,1956,,,,,,1
46,1957,,,,,,1
46,1958,,,,,,1
46,1959,,,,,,1
46,1960,,,,,,1
46,1961,,,,,,1
46,1962,,,,,,1
46,1963,,,,,,1
46,1964,,,,,,1
46,1965,,,,,,1
46,1966,,,,,,1
46,1967,,,,,,1
46,1968,,,,,,1
46,1969,,,,,,1
46,1970,,,,,.15977,0
46,1971,,,,,.1692,0
46,1972,,,,,.18071,0
46,1973,,,,,.19492,0
46,1974,,,,,.21796,0
46,1975,,,0,,.24795,0
46,1976,,,0,,.27463,0
46,1977,,,0,,.29875,0
46,1978,,.4070387791032012,.33692015,.3951031196971334,.32648,0
46,1979,,.44904177,.3781815,.4358744505676199,.36017,0
46,1980,,.52418057,.44550045,.4960620120947767,.40227,0
46,1981,,.61225069,.52327016,.5597495450163303,.44932,0
46,1982,,.70051869,.59778033,.6326733277225651,.50367,0
46,1983,,.7719437499999999,.65529248,.6865399134403484,.5523,0
46,1984,,.8441623699999999,.7249575500000001,.7293136586108311,.59137,0
46,1985,,.8802841100000001,.7634864100000001,.7617239994968514,.62363,0
46,1986,,.85379138,.74239649,.7895297251851026,.65524,0
46,1987,,.8540222199999999,.74569483,.8088940468781413,.67156,0
46,1988,,.86408766,.7552267100000001,.8283280733226913,.69313,0
46,1989,,.89095499,.7864258200000001,.8498207447508541,.71599,0
46,1990,,.8786891099999999,.78411339,.8586975808085746,.73511,0
46,1991,,.89271344,.7958937699999999,.8821211351241308,.754,0
46,1992,,.87254767,.78255968,.8771932681420896,.769,0
46,1993,,.8662597200000001,.78115938,.8696007063531881,.78161,0
46,1994,,.8647526999999999,.7939889499999999,.8679314860560655,.78893,0
46,1995,.8614719368517352,.85361098,.7860652,.8673846057345996,.79798,0
46,1996,.8732500000000001,.85113177,.79958825,.8731732364327884,.80889,0
46,1997,.8588,.83837512,.80101041,.8694265941298686,.81602,0
46,1998,.8489100000000001,.82491453,.7931715800000001,.8661622825628201,.82379,0
46,1999,.81742,.80280475,.7885612399999999,.8673886454625638,.8256,0
46,2000,.80809,.80756141,.8089847899999999,.8940202939151136,.83834,0
46,2001,.86012,.84087097,.8235245999999999,.9037644157871479,.85512,0
46,2002,.8535299999999999,.85033629,.8485572100000001,.910662003840373,.87283,0
46,2003,.8970699999999999,.87849899,.86174213,.9082883909713766,.88918,0
46,2004,.8967000000000001,.89060639,.8846510000000001,.9174186755616884,.90381,0
46,2005,.89125,.89975673,.90610998,.9359927419758036,.92134,0
46,2006,.87491,.90328098,.92662007,.9617287901985674,.94126,0
46,2007,.86726,.9227678500000001,.9701375899999999,.9772530754463074,.96539,0
46,2008,.89412,.9536339700000001,1.0046333,.9907554992518763,.98836,0
46,2009,.92915,.96283732,.9894128999999999,.9949341121793988,.98931,0
46,2010,1,1,1,1,1,0
46,2011,1.0474,1.02922626,1.01498397,1.017739101505978,1.00943,0
46,2012,1.03803,1.03354758,1.02985496,1.028603410557745,1.02112,0
46,2013,1.04955,1.0439063,1.03936025,1.032626183369822,1.02905,0
46,2014,1.02614,1.03145714,1.03484939,1.031410048928839,1.03498,0
46,2015,1.03299509505665,1.02710556048571,1.02971635521765,1.030898669860722,1.04687,0
46,2016,1.038392627560295,1.032472319412181,1.035096755883074,1.036285248272532,1.052340030670166,1
46,2017,1.04380981086137,1.037858617098715,1.040496744974041,1.041691437601208,1.057829976081848,1
46,2018,1.053746312826317,1.047738466934222,1.050401708352785,1.051607773804305,1.067899942398071,1
46,2019,1.06764668778281,1.061559590073114,1.064257963338752,1.065479938465869,1.081987023353577,1
47,1952,,,,,,1
47,1953,,,,,,1
47,1954,,,,,,1
47,1955,,,,,,1
47,1956,,,,,,1
47,1957,,,,,,1
47,1958,,,,,,1
47,1959,,,,,,1
47,1960,,,,,,1
47,1961,,,,,,1
47,1962,,,,,,1
47,1963,,,,,,1
47,1964,,,,,,1
47,1965,,,,,,1
47,1966,,,,,,1
47,1967,,,,,,1
47,1968,,,,,,1
47,1969,,,,,,1
47,1970,,,,,.15977,0
47,1971,,,,,.1692,0
47,1972,,,,,.18071,0
47,1973,,,,,.19492,0
47,1974,,,,,.21796,0
47,1975,,,0,,.24795,0
47,1976,,,0,,.27463,0
47,1977,,,0,,.29875,0
47,1978,,.4562745682716495,.56666752,.3951031196971334,.32648,0
47,1979,,.50335828,.59224325,.4358744505676199,.36017,0
47,1980,,.53535203,.6262837,.4960620120947767,.40227,0
47,1981,,.5697522699999999,.6585514299999999,.5597495450163303,.44932,0
47,1982,,.60095759,.6789868699999999,.6326733277225651,.50367,0
47,1983,,.6360907099999999,.69652563,.6865399134403484,.5523,0
47,1984,,.6638727299999999,.7238879300000001,.7293136586108311,.59137,0
47,1985,,.6867959299999999,.7435749300000001,.7617239994968514,.62363,0
47,1986,,.71567786,.75616034,.7895297251851026,.65524,0
47,1987,,.7324785500000001,.7616816900000001,.8088940468781413,.67156,0
47,1988,,.7509619399999999,.76281185,.8283280733226913,.69313,0
47,1989,,.77218908,.7775097,.8498207447508541,.71599,0
47,1990,,.8026703000000001,.8015762599999999,.8586975808085746,.73511,0
47,1991,,.8190462599999999,.79820989,.8821211351241308,.754,0
47,1992,,.8284632399999999,.7952162800000001,.8771932681420896,.769,0
47,1993,,.8414189799999999,.7959353400000001,.8696007063531881,.78161,0
47,1994,,.8480889,.80706557,.8679314860560655,.78893,0
47,1995,.934454122810271,.86291856,.8060293900000001,.8673846057345996,.79798,0
47,1996,.94723,.87646427,.8248533600000001,.8731732364327884,.80889,0
47,1997,.93841,.88938774,.84345123,.8694265941298686,.81602,0
47,1998,.93513,.90052077,.85750856,.8661622825628201,.82379,0
47,1999,.9232899999999999,.9096085600000001,.8814967500000001,.8673886454625638,.8256,0
47,2000,.94253,.92553863,.88959093,.8940202939151136,.83834,0
47,2001,.95745,.9553978999999999,.9429528399999999,.9037644157871479,.85512,0
47,2002,.9818600000000001,1.00197266,1.02650602,.910662003840373,.87283,0
47,2003,1.00996,1.0212275,1.03112906,.9082883909713766,.88918,0
47,2004,1.01698,1.03253673,1.04929017,.9174186755616884,.90381,0
47,2005,1.02443,1.03363536,1.0407208,.9359927419758036,.92134,0
47,2006,1.04441,1.03470244,1.01506563,.9617287901985674,.94126,0
47,2007,1.05969,1.02736318,.9765119900000001,.9772530754463074,.96539,0
47,2008,1.09063,1.05492421,.9992643700000001,.9907554992518763,.98836,0
47,2009,1.12249,1.06887483,.98941508,.9949341121793988,.98931,0
47,2010,1,1,1,1,1,0
47,2011,.9454699999999999,.9728286300000001,1.01594568,1.017739101505978,1.00943,0
47,2012,.9739100000000001,.99595254,1.03086965,1.028603410557745,1.02112,0
47,2013,.95621,.98472978,1.02991466,1.032626183369822,1.02905,0
47,2014,.9421299999999999,.97507351,1.02725579,1.031410048928839,1.03498,0
47,2015,.9484238689708281,.9709598054683249,1.02216042080773,1.030898669860722,1.04687,0
47,2016,.9533795059186707,.976033195588789,1.027501340742056,1.036285248272532,1.052340030670166,1
47,2017,.958353184854724,.9811250564014578,1.032861705364422,1.041691437601208,1.057829976081848,1
47,2018,.9674761861959014,.9904648335805466,1.042693987316633,1.051607773804305,1.067899942398071,1
47,2019,.980238538562791,1.003530438081749,1.056448566774858,1.065479938465869,1.081987023353577,1
49-52,1952,,,,,,1
49-52,1953,,,,,,1
49-52,1954,,,,,,1
49-52,1955,,,,,,1
49-52,1956,,,,,,1
49-52,1957,,,,,,1
49-52,1958,,,,,,1
49-52,1959,,,,,,1
49-52,1960,,,,,,1
49-52,1961,,,,,,1
49-52,1962,,,,,,1
49-52,1963,,,,,,1
49-52,1964,,,,,,1
49-52,1965,,,,,,1
49-52,1966,,,,,,1
49-52,1967,,,,,,1
49-52,1968,,,,,,1
49-52,1969,,,,,,1
49-52,1970,,,,,.15977,0
49-52,1971,,,,,.1692,0
49-52,1972,,,,,.18071,0
49-52,1973,,,,,.19492,0
49-52,1974,,,,,.21796,0
49-52,1975,.4526895459345301,.2905700887539599,.1852884494192186,,.24795,0
49-52,1976,.5014,.32183611,.20522592,,.27463,0
49-52,1977,.53813,.34680536,.22198949,,.29875,0
49-52,1978,.58409,.3786225,.24370499,.3951031196971334,.32648,0
49-52,1979,.63592,.4110651,.26384175,.4358744505676199,.36017,0
49-52,1980,.6899500000000001,.45610841,.29922988,.4960620120947767,.40227,0
49-52,1981,.75643,.5098184,.34065004,.5597495450163303,.44932,0
49-52,1982,.81411,.5673718600000001,.39084048,.6326733277225651,.50367,0
49-52,1983,.86529,.6056797900000001,.41888521,.6865399134403484,.5523,0
49-52,1984,.922,.64751554,.44921991,.7293136586108311,.59137,0
49-52,1985,.95092,.6895051800000001,.49322577,.7617239994968514,.62363,0
49-52,1986,.9722499999999999,.7006163700000001,.49803267,.7895297251851026,.65524,0
49-52,1987,.95196,.69047042,.49422016,.8088940468781413,.67156,0
49-52,1988,.94842,.6890129500000001,.49406353,.8283280733226913,.69313,0
49-52,1989,.95363,.6987370199999999,.5058928499999999,.8498207447508541,.71599,0
49-52,1990,.9522799999999999,.70086593,.5099595699999999,.8586975808085746,.73511,0
49-52,1991,.95312,.7226763300000001,.54326746,.8821211351241308,.754,0
49-52,1992,.95499,.72371132,.5437075099999999,.8771932681420896,.769,0
49-52,1993,.9393300000000001,.7319918,.5673385799999999,.8696007063531881,.78161,0
49-52,1994,.9158700000000001,.73717462,.59272877,.8679314860560655,.78893,0
49-52,1995,.8813599999999999,.7438860300000001,.6282632499999999,.8673846057345996,.79798,0
49-52,1996,.8497,.74499259,.6541875,.8731732364327884,.80889,0
49-52,1997,.82979,.7621551,.6999576399999999,.8694265941298686,.81602,0
49-52,1998,.8186,.77063315,.7254244400000001,.8661622825628201,.82379,0
49-52,1999,.8112900000000001,.7890388,.76616083,.8673886454625638,.8256,0
49-52,2000,.8120999999999999,.81642143,.8155466,.8940202939151136,.83834,0
49-52,2001,.8601000000000001,.83557055,.81142756,.9037644157871479,.85512,0
49-52,2002,.8877700000000001,.84958709,.81438345,.910662003840373,.87283,0
49-52,2003,.90684,.8624417699999999,.82218569,.9082883909713766,.88918,0
49-52,2004,.9194599999999999,.87622828,.8368795299999999,.9174186755616884,.90381,0
49-52,2005,.9222199999999999,.8944224,.8680375499999999,.9359927419758036,.92134,0
49-52,2006,.91964,.91275685,.90395245,.9617287901985674,.94126,0
49-52,2007,.9536199999999999,.9394848299999999,.9245074700000001,.9772530754463074,.96539,0
49-52,2008,.99601,.97730164,.95831687,.9907554992518763,.98836,0
49-52,2009,1.02351,.9853910100000001,.9490036399999999,.9949341121793988,.98931,0
49-52,2010,1,1,1,1,1,0
49-52,2011,.97392,1.01523641,1.05480694,1.017739101505978,1.00943,0
49-52,2012,.98039,1.0389004,1.09550895,1.028603410557745,1.02112,0
49-52,2013,1.00473,1.05258216,1.09902815,1.032626183369822,1.02905,0
49-52,2014,1.01575,1.05341439,1.09026912,1.031410048928839,1.03498,0
49-52,2015,1.03893,1.05277237,1.06668345,1.030898669860722,1.04687,0
49-52,2016,1.044358543146862,1.058273241314111,1.072257008499965,1.036285248272532,1.052340030670166,1
49-52,2017,1.049806849991608,1.063794139651275,1.077850858655232,1.041691437601208,1.057829976081848,1
49-52,2018,1.059800440508972,1.073920881562449,1.08811141288983,1.051607773804305,1.067899942398071,1
49-52,2019,1.073780677804055,1.088087387053971,1.102465111165688,1.065479938465869,1.081987023353577,1
53,1952,,,,,,1
53,1953,,,,,,1
53,1954,,,,,,1
53,1955,,,,,,1
53,1956,,,,,,1
53,1957,,,,,,1
53,1958,,,,,,1
53,1959,,,,,,1
53,1960,,,,,,1
53,1961,,,,,,1
53,1962,,,,,,1
53,1963,,,,,,1
53,1964,,,,,,1
53,1965,,,,,,1
53,1966,,,,,,1
53,1967,,,,,,1
53,1968,,,,,,1
53,1969,,,,,,1
53,1970,,,,,.15977,0
53,1971,,,,,.1692,0
53,1972,,,,,.18071,0
53,1973,,,,,.19492,0
53,1974,,,,,.21796,0
53,1975,,,,,.24795,0
53,1976,,,,,.27463,0
53,1977,,,,,.29875,0
53,1978,,,,.3951031196971334,.32648,0
53,1979,,,,.4358744505676199,.36017,0
53,1980,,,,.4960620120947767,.40227,0
53,1981,,,,.5597495450163303,.44932,0
53,1982,,,,.6326733277225651,.50367,0
53,1983,,,,.6865399134403484,.5523,0
53,1984,,,,.7293136586108311,.59137,0
53,1985,,,,.7617239994968514,.62363,0
53,1986,,,,.7895297251851026,.65524,0
53,1987,,,,.8088940468781413,.67156,0
53,1988,,,,.8283280733226913,.69313,0
53,1989,,,,.8498207447508541,.71599,0
53,1990,,,,.8586975808085746,.73511,0
53,1991,,,,.8821211351241308,.754,0
53,1992,,.4330956720871023,.0283134778725963,.8771932681420896,.769,0
53,1993,,.44019754,.02877776,.8696007063531881,.78161,0
53,1994,,.54235544,.064208,.8679314860560655,.78893,0
53,1995,.7301868691663885,.6484834899999999,.1522238,.8673846057345996,.79798,0
53,1996,.74017,.7747972799999999,.33033239,.8731732364327884,.80889,0
53,1997,.79927,.8282798499999999,.54132066,.8694265941298686,.81602,0
53,1998,.81121,.83843024,.69723607,.8661622825628201,.82379,0
53,1999,.8344400000000001,.79754884,.72018439,.8673886454625638,.8256,0
53,2000,.8258199999999999,.8049267,.75706379,.8940202939151136,.83834,0
53,2001,.82162,.81217396,.7904566199999999,.9037644157871479,.85512,0
53,2002,.8274899999999999,.8256663799999999,.8213304100000001,.910662003840373,.87283,0
53,2003,.8759,.86983583,.85600314,.9082883909713766,.88918,0
53,2004,.91232,.8979758699999999,.8649015400000001,.9174186755616884,.90381,0
53,2005,.91106,.92642475,.96047042,.9359927419758036,.92134,0
53,2006,.93246,.9476737,.98147323,.9617287901985674,.94126,0
53,2007,.9625,.96949181,.98440673,.9772530754463074,.96539,0
53,2008,.97867,.9884166999999999,1.00990893,.9907554992518763,.98836,0
53,2009,.97532,.98415876,1.00332623,.9949341121793988,.98931,0
53,2010,1,1,1,1,1,0
53,2011,1.03029,1.02600034,1.0174757,1.017739101505978,1.00943,0
53,2012,1.04203,1.03789216,1.02961082,1.028603410557745,1.02112,0
53,2013,1.08781,1.07020588,1.03856847,1.032626183369822,1.02905,0
53,2014,1.1495,1.10653094,1.03101965,1.031410048928839,1.03498,0
53,2015,1.17573225203052,1.10585654728158,1.00871571716146,1.030898669860722,1.04687,0
53,2016,1.181875604575259,1.111634790263454,1.013986386786487,1.036285248272532,1.052340030670166,1
53,2017,1.188041323224567,1.117434070095455,1.019276245339241,1.041691437601208,1.057829976081848,1
53,2018,1.199350830780276,1.128071434984792,1.028979201097321,1.051607773804305,1.067899942398071,1
53,2019,1.215171931219062,1.142952261359348,1.042552863508837,1.065479938465869,1.081987023353577,1
58-60,1952,,,,,,1
58-60,1953,,,,,,1
58-60,1954,,,,,,1
58-60,1955,,,,,,1
58-60,1956,,,,,,1
58-60,1957,,,,,,1
58-60,1958,,,,,,1
58-60,1959,,,,,,1
58-60,1960,,,,,,1
58-60,1961,,,,,,1
58-60,1962,,,,,,1
58-60,1963,,,,,,1
58-60,1964,,,,,,1
58-60,1965,,,,,,1
58-60,1966,,,,,,1
58-60,1967,,,,,,1
58-60,1968,,,,,,1
58-60,1969,,,,,,1
58-60,1970,,,,,.15977,0
58-60,1971,,,,,.1692,0
58-60,1972,,,,,.18071,0
58-60,1973,,,,,.19492,0
58-60,1974,,,,,.21796,0
58-60,1975,.2363754487856388,.278452788595565,.3143870301478353,,.24795,0
58-60,1976,.26181,.30841496,.34821581,,.27463,0
58-60,1977,.2843,.33321599,.37453763,,.29875,0
58-60,1978,.31041,.3623516,.40593207,.3951031196971334,.32648,0
58-60,1979,.348,.39775542,.43807248,.4358744505676199,.36017,0
58-60,1980,.38354,.44143101,.48889773,.4960620120947767,.40227,0
58-60,1981,.43311,.4948026,.5448187800000001,.5597495450163303,.44932,0
58-60,1982,.48317,.5526057999999999,.60899096,.6326733277225651,.50367,0
58-60,1983,.53161,.59232478,.6402736899999999,.6865399134403484,.5523,0
58-60,1984,.56771,.63523533,.6888060699999999,.7293136586108311,.59137,0
58-60,1985,.59617,.67119699,.73104488,.7617239994968514,.62363,0
58-60,1986,.65621,.7053161,.74253523,.7895297251851026,.65524,0
58-60,1987,.69923,.7330520300000001,.75705338,.8088940468781413,.67156,0
58-60,1988,.7232500000000001,.75200608,.771544,.8283280733226913,.69313,0
58-60,1989,.73697,.7759348500000001,.8039417400000001,.8498207447508541,.71599,0
58-60,1990,.7679,.7943435200000001,.81194665,.8586975808085746,.73511,0
58-60,1991,.80822,.8192203299999999,.82409762,.8821211351241308,.754,0
58-60,1992,.84907,.8499808,.84667352,.8771932681420896,.769,0
58-60,1993,.8779699999999999,.86854984,.85666579,.8696007063531881,.78161,0
58-60,1994,.87741,.87932111,.87674301,.8679314860560655,.78893,0
58-60,1995,.87979,.89522295,.9040451,.8673846057345996,.79798,0
58-60,1996,.9028499999999999,.9052275000000001,.90319915,.8731732364327884,.80889,0
58-60,1997,.9150499999999999,.90451392,.8919512500000001,.8694265941298686,.81602,0
58-60,1998,.93746,.90417768,.8732185699999999,.8661622825628201,.82379,0
58-60,1999,.93741,.90715276,.8785923,.8673886454625638,.8256,0
58-60,2000,.9534,.9229295399999999,.8941541399999999,.8940202939151136,.83834,0
58-60,2001,.9711700000000001,.93794241,.90700046,.9037644157871479,.85512,0
58-60,2002,.9890099999999999,.95229957,.91869022,.910662003840373,.87283,0
58-60,2003,1.0122,.95340939,.9031718200000001,.9082883909713766,.88918,0
58-60,2004,.97717,.94150805,.90960397,.9174186755616884,.90381,0
58-60,2005,.96209,.9436951600000001,.92564118,.9359927419758036,.92134,0
58-60,2006,.95819,.95008708,.94035709,.9617287901985674,.94126,0
58-60,2007,.92376,.9581033800000001,.9835742500000001,.9772530754463074,.96539,0
58-60,2008,.9387000000000001,.9724902400000001,.99753768,.9907554992518763,.98836,0
58-60,2009,.99919,.99204799,.98638135,.9949341121793988,.98931,0
58-60,2010,1,1,1,1,1,0
58-60,2011,.99426,1.0125382,1.0282618,1.017739101505978,1.00943,0
58-60,2012,1.03535,1.04018464,1.04462355,1.028603410557745,1.02112,0
58-60,2013,1.06057,1.0528536,1.04680703,1.032626183369822,1.02905,0
58-60,2014,1.07453,1.05715773,1.04308787,1.031410048928839,1.03498,0
58-60,2015,1.08659,1.06440715,1.04633046,1.030898669860722,1.04687,0
58-60,2016,1.092267572789263,1.069968814539097,1.05179767150413,1.036285248272532,1.052340030670166,1
58-60,2017,1.097965815918668,1.07555072743115,1.057284787486038,1.041691437601208,1.057829976081848,1
58-60,2018,1.108417853611547,1.085789385666888,1.067349563903204,1.051607773804305,1.067899942398071,1
58-60,2019,1.123039421996775,1.100112453184029,1.081429384603225,1.065479938465869,1.081987023353577,1
61,1952,,,,,,1
61,1953,,,,,,1
61,1954,,,,,,1
61,1955,,,,,,1
61,1956,,,,,,1
61,1957,,,,,,1
61,1958,,,,,,1
61,1959,,,,,,1
61,1960,,,,,,1
61,1961,,,,,,1
61,1962,,,,,,1
61,1963,,,,,,1
61,1964,,,,,,1
61,1965,,,,,,1
61,1966,,,,,,1
61,1967,,,,,,1
61,1968,,,,,,1
61,1969,,,,,,1
61,1970,,,,,.15977,0
61,1971,,,,,.1692,0
61,1972,,,,,.18071,0
61,1973,,,,,.19492,0
61,1974,,,,,.21796,0
61,1975,1.115400316789863,.8690426572333686,.6809449504751848,,.24795,0
61,1976,1.23542,.9625536800000001,.75421622,,.27463,0
61,1977,1.36462,1.05610056,.81353937,,.29875,0
61,1978,1.45832,1.13797639,.8951126600000001,.3951031196971334,.32648,0
61,1979,1.57585,1.21342217,.9244147300000001,.4358744505676199,.36017,0
61,1980,1.60838,1.24923852,.97141521,.4960620120947767,.40227,0
61,1981,1.62643,1.27124672,1.00240523,.5597495450163303,.44932,0
61,1982,1.78994,1.37957787,1.05342558,.6326733277225651,.50367,0
61,1983,1.89509,1.44844691,1.08537306,.6865399134403484,.5523,0
61,1984,2.09967,1.59244555,1.17166327,.7293136586108311,.59137,0
61,1985,2.26235,1.71136202,1.25091071,.7617239994968514,.62363,0
61,1986,2.34897,1.73017862,1.17814559,.7895297251851026,.65524,0
61,1987,2.3555,1.72307364,1.15187315,.8088940468781413,.67156,0
61,1988,2.07896,1.51908773,1.01206254,.8283280733226913,.69313,0
61,1989,2.01352,1.48228435,1.00938673,.8498207447508541,.71599,0
61,1990,2.00092,1.47665917,1.01320223,.8586975808085746,.73511,0
61,1991,2.04714,1.51022935,1.0353037,.8821211351241308,.754,0
61,1992,2.07967,1.53173617,1.04523993,.8771932681420896,.769,0
61,1993,2.11403,1.54857735,1.04057061,.8696007063531881,.78161,0
61,1994,2.14934,1.57547829,1.06089379,.8679314860560655,.78893,0
61,1995,2.11769,1.55796814,1.05946104,.8673846057345996,.79798,0
61,1996,2.07884,1.53802741,1.06127913,.8731732364327884,.80889,0
61,1997,1.95788,1.44771112,.99757441,.8694265941298686,.81602,0
61,1998,1.81343,1.36352915,.97270631,.8661622825628201,.82379,0
61,1999,1.64991,1.27911702,.96175067,.8673886454625638,.8256,0
61,2000,1.43816,1.18253592,.9497304599999999,.8940202939151136,.83834,0
61,2001,1.33934,1.13058955,.93164676,.9037644157871479,.85512,0
61,2002,1.26519,1.10813069,.95667631,.910662003840373,.87283,0
61,2003,1.24778,1.10106674,.95888534,.9082883909713766,.88918,0
61,2004,1.22994,1.10317295,.9808858600000001,.9174186755616884,.90381,0
61,2005,1.23346,1.10844227,.9876260600000001,.9359927419758036,.92134,0
61,2006,1.08886,1.04722203,1.01069088,.9617287901985674,.94126,0
61,2007,1.06829,1.04061267,1.01830258,.9772530754463074,.96539,0
61,2008,1.0633,1.04649811,1.03484203,.9907554992518763,.98836,0
61,2009,1.08584,1.04057454,1.00380886,.9949341121793988,.98931,0
61,2010,1,1,1,1,1,0
61,2011,.8556,.92719977,.9912253099999999,1.017739101505978,1.00943,0
61,2012,.72919,.86629607,.99390874,1.028603410557745,1.02112,0
61,2013,.6954699999999999,.76468073,.82660898,1.032626183369822,1.02905,0
61,2014,.61275,.7119954300000001,.8031514300000001,1.031410048928839,1.03498,0
61,2015,.62471,.70139589,.77118601,1.030898669860722,1.04687,0
61,2016,.6279741902623625,.7050607739208579,.7752155562923791,1.036285248272532,1.052340030670166,1
61,2017,.6312502644627234,.7087390005851792,.7792597729545749,1.041691437601208,1.057829976081848,1
61,2018,.6372594238210084,.71548581058703,.7866779023729771,1.051607773804305,1.067899942398071,1
61,2019,.6456657592243668,.724924060497992,.7970552746872313,1.065479938465869,1.081987023353577,1
62-63,1952,,,,,,1
62-63,1953,,,,,,1
62-63,1954,,,,,,1
62-63,1955,,,,,,1
62-63,1956,,,,,,1
62-63,1957,,,,,,1
62-63,1958,,,,,,1
62-63,1959,,,,,,1
62-63,1960,,,,,,1
62-63,1961,,,,,,1
62-63,1962,,,,,,1
62-63,1963,,,,,,1
62-63,1964,,,,,,1
62-63,1965,,,,,,1
62-63,1966,,,,,,1
62-63,1967,,,,,,1
62-63,1968,,,,,,1
62-63,1969,,,,,,1
62-63,1970,,,,,.15977,0
62-63,1971,,,,,.1692,0
62-63,1972,,,,,.18071,0
62-63,1973,,,,,.19492,0
62-63,1974,,,,,.21796,0
62-63,1975,.2345426610348469,.2768631205913411,.4322173789862725,,.24795,0
62-63,1976,.25978,.30665424,.47872498,,.27463,0
62-63,1977,.28689,.33602365,.5132180000000001,,.29875,0
62-63,1978,.32003,.36773235,.53458782,.3951031196971334,.32648,0
62-63,1979,.36731,.40517599,.5379605399999999,.4358744505676199,.36017,0
62-63,1980,.41075,.45384549,.6049863,.4960620120947767,.40227,0
62-63,1981,.46036,.50502605,.6614705200000001,.5597495450163303,.44932,0
62-63,1982,.52034,.56512052,.72249462,.6326733277225651,.50367,0
62-63,1983,.5821999999999999,.6131678699999999,.7302283199999999,.6865399134403484,.5523,0
62-63,1984,.62488,.65524964,.77249802,.7293136586108311,.59137,0
62-63,1985,.65593,.6910795799999999,.8237580699999999,.7617239994968514,.62363,0
62-63,1986,.6987300000000001,.72373604,.8251822,.7895297251851026,.65524,0
62-63,1987,.7350100000000001,.7516998100000001,.82823904,.8088940468781413,.67156,0
62-63,1988,.7752800000000001,.78519963,.84145336,.8283280733226913,.69313,0
62-63,1989,.80408,.81407181,.87154378,.8498207447508541,.71599,0
62-63,1990,.84163,.83305795,.83788162,.8586975808085746,.73511,0
62-63,1991,.87402,.86391251,.86526705,.8821211351241308,.754,0
62-63,1992,.8922,.87135982,.8413727299999999,.8771932681420896,.769,0
62-63,1993,.9045099999999999,.87326853,.81394919,.8696007063531881,.78161,0
62-63,1994,.90931,.88463848,.84523307,.8679314860560655,.78893,0
62-63,1995,.91852,.8943818899999999,.8567464699999999,.8673846057345996,.79798,0
62-63,1996,.9357800000000001,.9065961299999999,.85649326,.8731732364327884,.80889,0
62-63,1997,.95209,.9207647799999999,.86591157,.8694265941298686,.81602,0
62-63,1998,.9732500000000001,.92940243,.84770616,.8661622825628201,.82379,0
62-63,1999,.99383,.94539708,.8547099300000001,.8673886454625638,.8256,0
62-63,2000,1.0654,.99740076,.87139804,.8940202939151136,.83834,0
62-63,2001,1.10387,1.02805808,.88937098,.9037644157871479,.85512,0
62-63,2002,1.12526,1.04584774,.90087959,.910662003840373,.87283,0
62-63,2003,1.06234,1.00643116,.90395453,.9082883909713766,.88918,0
62-63,2004,1.02388,.9898405300000001,.9287051099999999,.9174186755616884,.90381,0
62-63,2005,1.03088,.99761861,.9377912899999999,.9359927419758036,.92134,0
62-63,2006,1.0343,1.00667251,.95677846,.9617287901985674,.94126,0
62-63,2007,1.03843,1.017664,.98066632,.9772530754463074,.96539,0
62-63,2008,1.0162,1.00973371,.99874303,.9907554992518763,.98836,0
62-63,2009,1.00755,1.0037173,.99742458,.9949341121793988,.98931,0
62-63,2010,1,1,1,1,1,0
62-63,2011,1.0085,1.00822873,1.00778459,1.017739101505978,1.00943,0
62-63,2012,.9996200000000001,1.00594365,1.01645556,1.028603410557745,1.02112,0
62-63,2013,1.01758,1.01882254,1.02090747,1.032626183369822,1.02905,0
62-63,2014,1.00739,1.0082616,1.00969605,1.031410048928839,1.03498,0
62-63,2015,1.02052,1.01328504,1.00157679,1.030898669860722,1.04687,0
62-63,2016,1.025852348524189,1.01857958492575,1.006810157810546,1.036285248272532,1.052340030670166,1
62-63,2017,1.031204110530484,1.02389340570204,1.012062578744098,1.041691437601208,1.057829976081848,1
62-63,2018,1.041020613080974,1.033640314316799,1.021696864317676,1.051607773804305,1.067899942398071,1
62-63,2019,1.054753118412785,1.047275463274628,1.035174462609618,1.065479938465869,1.081987023353577,1
A,1952,,,,,,1
A,1953,,,,,,1
A,1954,,,,,,1
A,1955,,,,,,1
A,1956,,,,,,1
A,1957,,,,,,1
A,1958,,,,,,1
A,1959,,,,,,1
A,1960,,,,,,1
A,1961,,,,,,1
A,1962,,,,,,1
A,1963,,,,,,1
A,1964,,,,,,1
A,1965,,,,,,1
A,1966,,,,,,1
A,1967,,,,,,1
A,1968,,,,,,1
A,1969,,,,,,1
A,1970,,,,,.15977,0
A,1971,,,,,.1692,0
A,1972,,,,,.18071,0
A,1973,,,,,.19492,0
A,1974,,,,,.21796,0
A,1975,.7318962513199577,.5336752813621964,.4166052595564942,,.24795,0
A,1976,.81065,.59109999,.46143296,,.27463,0
A,1977,.84429,.57705534,.42866082,,.29875,0
A,1978,.8084600000000001,.5580357,.41798754,.3951031196971334,.32648,0
A,1979,.84407,.59114762,.44833162,.4358744505676199,.36017,0
A,1980,.85055,.63273815,.50282101,.4960620120947767,.40227,0
A,1981,.95121,.711452,.56759442,.5597495450163303,.44932,0
A,1982,1.07503,.7883917300000001,.6188723699999999,.6326733277225651,.50367,0
A,1983,1.13384,.86083981,.69395144,.6865399134403484,.5523,0
A,1984,1.09966,.87140963,.7251846199999999,.7293136586108311,.59137,0
A,1985,1.10716,.89302019,.75293277,.7617239994968514,.62363,0
A,1986,1.15232,.90696213,.75089006,.7895297251851026,.65524,0
A,1987,1.12233,.8833772000000001,.73138629,.8088940468781413,.67156,0
A,1988,1.1369,.9008318400000001,.7495413499999999,.8283280733226913,.69313,0
A,1989,1.29349,.98441692,.79266925,.8498207447508541,.71599,0
A,1990,1.28495,.94622726,.7392606399999999,.8586975808085746,.73511,0
A,1991,1.22457,.92776548,.74151807,.8821211351241308,.754,0
A,1992,1.09769,.88455942,.74546018,.8771932681420896,.769,0
A,1993,1.04408,.8777533099999999,.76358543,.8696007063531881,.78161,0
A,1994,1.12196,.91041549,.7715019700000001,.8679314860560655,.78893,0
A,1995,1.13121,.92563175,.78954323,.8673846057345996,.79798,0
A,1996,1.07261,.9150845400000001,.8065782,.8731732364327884,.80889,0
A,1997,1.08037,.92186676,.8126722599999999,.8694265941298686,.81602,0
A,1998,1.10394,.91170304,.78377151,.8661622825628201,.82379,0
A,1999,1.03036,.8723048400000001,.76527114,.8673886454625638,.8256,0
A,2000,1.02933,.88096075,.77940858,.8940202939151136,.83834,0
A,2001,1.1074,.92924765,.80938755,.9037644157871479,.85512,0
A,2002,1.03205,.91366114,.8314779099999999,.910662003840373,.87283,0
A,2003,1.15048,.9662110699999999,.8472638100000001,.9082883909713766,.88918,0
A,2004,.97637,.8982618600000001,.84671725,.9174186755616884,.90381,0
A,2005,.98997,.9183296,.8705929,.9359927419758036,.92134,0
A,2006,.93401,.90683435,.8871140900000001,.9617287901985674,.94126,0
A,2007,1.05089,.98439228,.9404289300000001,.9772530754463074,.96539,0
A,2008,.96991,.9910137299999999,1.00312887,.9907554992518763,.98836,0
A,2009,.77295,.9127178499999999,1.00878804,.9949341121793988,.98931,0
A,2010,1,1,1,1,1,0
A,2011,1.02105,1.05321207,1.07586795,1.017739101505978,1.00943,0
A,2012,1.11852,1.10847682,1.10482386,1.028603410557745,1.02112,0
A,2013,1.0334,1.09196175,1.13034485,1.032626183369822,1.02905,0
A,2014,.9809699999999999,1.04539074,1.08776557,1.031410048928839,1.03498,0
A,2015,1.04659,1.05854912,1.06673122,1.030898669860722,1.04687,0
A,2016,1.05205856763408,1.064080175577366,1.072305028104372,1.036285248272532,1.052340030670166,1
A,2017,1.0575470446832,1.069631368069637,1.07789912877278,1.041691437601208,1.057829976081848,1
A,2018,1.067614317646315,1.079813677222128,1.088160142512656,1.051607773804305,1.067899942398071,1
A,2019,1.081697630815306,1.094057916859159,1.102514483599806,1.065479938465869,1.081987023353577,1
B,1952,,,,,,1
B,1953,,,,,,1
B,1954,,,,,,1
B,1955,,,,,,1
B,1956,,,,,,1
B,1957,,,,,,1
B,1958,,,,,,1
B,1959,,,,,,1
B,1960,,,,,,1
B,1961,,,,,,1
B,1962,,,,,,1
B,1963,,,,,,1
B,1964,,,,,,1
B,1965,,,,,,1
B,1966,,,,,,1
B,1967,,,,,,1
B,1968,,,,,,1
B,1969,,,,,,1
B,1970,,,,,.15977,0
B,1971,,,,,.1692,0
B,1972,,,,,.18071,0
B,1973,,,,,.19492,0
B,1974,,,,,.21796,0
B,1975,.117181045406547,.2691780338965153,.4449215865364308,,.24795,0
B,1976,.12979,.29814222,.49279619,,.27463,0
B,1977,.13524,.32530063,.55061719,,.29875,0
B,1978,.14987,.35503164,.5960344599999999,.3951031196971334,.32648,0
B,1979,.16977,.3931136200000001,.65094896,.4358744505676199,.36017,0
B,1980,.20118,.47480563,.79693689,.4960620120947767,.40227,0
B,1981,.24092,.5896683500000001,1.01590279,.5597495450163303,.44932,0
B,1982,.27005,.68523246,1.21007892,.6326733277225651,.50367,0
B,1983,.29593,.73939533,1.29348787,.6865399134403484,.5523,0
B,1984,.31457,.78131043,1.36148506,.7293136586108311,.59137,0
B,1985,.32973,.8208996000000001,1.43260338,.7617239994968514,.62363,0
B,1986,.33348,.7483717,1.24103737,.7895297251851026,.65524,0
B,1987,.34093,.72191142,1.15824974,.8088940468781413,.67156,0
B,1988,.34819,.6331223,.9275308699999999,.8283280733226913,.69313,0
B,1989,.35607,.6338679700000001,.91535255,.8498207447508541,.71599,0
B,1990,.35886,.60517168,.8425156800000001,.8586975808085746,.73511,0
B,1991,.369,.59627259,.80589962,.8821211351241308,.754,0
B,1992,.36978,.6072550600000001,.83021744,.8771932681420896,.769,0
B,1993,.37376,.60959094,.82945624,.8696007063531881,.78161,0
B,1994,.3676700000000001,.60336142,.8245449100000001,.8679314860560655,.78893,0
B,1995,.36811,.59555311,.8061019899999999,.8673846057345996,.79798,0
B,1996,.36852,.60780394,.83425448,.8731732364327884,.80889,0
B,1997,.3706199999999999,.62099167,.8626619200000001,.8694265941298686,.81602,0
B,1998,.37539,.62478035,.86408984,.8661622825628201,.82379,0
B,1999,.37646,.62926154,.87279008,.8673886454625638,.8256,0
B,2000,.49826,.6976632600000001,.8664301299999999,.8940202939151136,.83834,0
B,2001,.5718299999999999,.74417492,.8814518200000001,.9037644157871479,.85512,0
B,2002,.61717,.7377011899999999,.82432513,.910662003840373,.87283,0
B,2003,.63507,.7408485899999999,.8145389000000001,.9082883909713766,.88918,0
B,2004,.6573,.7601802000000001,.83124125,.9174186755616884,.90381,0
B,2005,.7808799999999999,.8030082000000001,.82037922,.9359927419758036,.92134,0
B,2006,.81101,.87878231,.92786433,.9617287901985674,.94126,0
B,2007,.8736700000000001,.91603809,.9473944799999999,.9772530754463074,.96539,0
B,2008,.92958,.9620383699999999,.98624319,.9907554992518763,.98836,0
B,2009,.9467,.95796921,.96657631,.9949341121793988,.98931,0
B,2010,1,1,1,1,1,0
B,2011,1.00131,1.04997245,1.08521154,1.017739101505978,1.00943,0
B,2012,1.05079,1.08942618,1.11740106,1.028603410557745,1.02112,0
B,2013,1.10597,1.1098616,1.11611426,1.032626183369822,1.02905,0
B,2014,1.13365,1.11702591,1.11047385,1.031410048928839,1.03498,0
B,2015,1.12934,1.09029098,1.06920699,1.030898669860722,1.04687,0
B,2016,1.135240947048865,1.095987890886744,1.074793734321698,1.036285248272532,1.052340030670166,1
B,2017,1.141163377676573,1.101705542517843,1.080400818304321,1.041691437601208,1.057829976081848,1
B,2018,1.15202663267439,1.112193180374962,1.090685646768572,1.051607773804305,1.067899942398071,1
B,2019,1.167223461321968,1.126864550554944,1.10507330275864,1.065479938465869,1.081987023353577,1
C,1952,,,,,,1
C,1953,,,,,,1
C,1954,,,,,,1
C,1955,,,,,,1
C,1956,,,,,,1
C,1957,,,,,,1
C,1958,,,,,,1
C,1959,,,,,,1
C,1960,,,,,,1
C,1961,,,,,,1
C,1962,,,,,,1
C,1963,,,,,,1
C,1964,,,,,,1
C,1965,,,,,,1
C,1966,,,,,,1
C,1967,,,,,,1
C,1968,,,,,,1
C,1969,,,,,,1
C,1970,,,,,.15977,0
C,1971,,,,,.1692,0
C,1972,,,,,.18071,0
C,1973,,,,,.19492,0
C,1974,,,,,.21796,0
C,1975,.3896344244984161,.3517494647835269,.3376731673178459,,.24795,0
C,1976,.43156,.38959853,.37400759,,.27463,0
C,1977,.4668,.42465077,.40900565,,.29875,0
C,1978,.51813,.45874167,.43658224,.3951031196971334,.32648,0
C,1979,.56533,.5035344700000001,.48048217,.4358744505676199,.36017,0
C,1980,.62842,.57095739,.5494538099999999,.4960620120947767,.40227,0
C,1981,.6986,.6395558299999999,.61741592,.5597495450163303,.44932,0
C,1982,.77759,.7094043800000001,.6838562400000001,.6326733277225651,.50367,0
C,1983,.84909,.76042464,.72725255,.6865399134403484,.5523,0
C,1984,.91116,.81506357,.7791183100000001,.7293136586108311,.59137,0
C,1985,.96749,.85085869,.80739664,.7617239994968514,.62363,0
C,1986,1.02189,.82952274,.75911963,.7895297251851026,.65524,0
C,1987,1.04475,.83106831,.75315506,.8088940468781413,.67156,0
C,1988,1.07312,.8506141700000001,.7695296,.8283280733226913,.69313,0
C,1989,1.09467,.88326714,.80599805,.8498207447508541,.71599,0
C,1990,1.11883,.89306043,.8106316800000001,.8586975808085746,.73511,0
C,1991,1.13824,.89554648,.80712231,.8821211351241308,.754,0
C,1992,1.14691,.8906196300000001,.7973884999999999,.8771932681420896,.769,0
C,1993,1.14274,.87332298,.77541308,.8696007063531881,.78161,0
C,1994,1.11419,.8721025099999999,.7838999099999999,.8679314860560655,.78893,0
C,1995,1.11875,.88888155,.8049738200000001,.8673846057345996,.79798,0
C,1996,1.10626,.8876401799999999,.8077722000000001,.8731732364327884,.80889,0
C,1997,1.11066,.8928405100000001,.8132430100000001,.8694265941298686,.81602,0
C,1998,1.10274,.8753920399999999,.7925548499999999,.8661622825628201,.82379,0
C,1999,1.08526,.86870379,.78959998,.8673886454625638,.8256,0
C,2000,1.09287,.9087184399999999,.84032943,.8940202939151136,.83834,0
C,2001,1.08896,.91446862,.8492781100000001,.9037644157871479,.85512,0
C,2002,1.08903,.90609774,.83805569,.910662003840373,.87283,0
C,2003,1.05354,.9022079,.8456869399999999,.9082883909713766,.88918,0
C,2004,1.04146,.91435227,.86669849,.9174186755616884,.90381,0
C,2005,1.02445,.93667997,.9036762,.9359927419758036,.92134,0
C,2006,1.00056,.95908859,.94345754,.9617287901985674,.94126,0
C,2007,1.0213,.98094149,.9657302900000001,.9772530754463074,.96539,0
C,2008,1.03447,1.01925471,1.0134192,.9907554992518763,.98836,0
C,2009,1.01982,.97093322,.9514127999999999,.9949341121793988,.98931,0
C,2010,1,1,1,1,1,0
C,2011,.9989400000000001,1.04680671,1.06615816,1.017739101505978,1.00943,0
C,2012,1.01188,1.06792741,1.09069769,1.028603410557745,1.02112,0
C,2013,1.02524,1.06238708,1.07709109,1.032626183369822,1.02905,0
C,2014,1.01961,1.05003151,1.06190749,1.031410048928839,1.03498,0
C,2015,1.01822,1.03037279,1.03446472,1.030898669860722,1.04687,0
C,2016,1.023540330727766,1.035756620621763,1.039869931483379,1.036285248272532,1.052340030670166,1
C,2017,1.028880031184445,1.041160052156511,1.04529482172105,1.041691437601208,1.057829976081848,1
C,2018,1.038674409762974,1.051071329859047,1.055245460182102,1.051607773804305,1.067899942398071,1
C,2019,1.052375965419851,1.064936418081156,1.069165610970885,1.065479938465869,1.081987023353577,1
D-E,1952,,,,,,1
D-E,1953,,,,,,1
D-E,1954,,,,,,1
D-E,1955,,,,,,1
D-E,1956,,,,,,1
D-E,1957,,,,,,1
D-E,1958,,,,,,1
D-E,1959,,,,,,1
D-E,1960,,,,,,1
D-E,1961,,,,,,1
D-E,1962,,,,,,1
D-E,1963,,,,,,1
D-E,1964,,,,,,1
D-E,1965,,,,,,1
D-E,1966,,,,,,1
D-E,1967,,,,,,1
D-E,1968,,,,,,1
D-E,1969,,,,,,1
D-E,1970,,,,,.15977,0
D-E,1971,,,,,.1692,0
D-E,1972,,,,,.18071,0
D-E,1973,,,,,.19492,0
D-E,1974,,,,,.21796,0
D-E,1975,.273459910448372,.2280955888676147,.1910852456228876,,.24795,0
D-E,1976,.302884836484922,.252639207786703,.211646465034941,,.27463,0
D-E,1977,.32547258126399,.271242957393,.227142971460679,,.29875,0
D-E,1978,.351457372778034,.292608035262788,.244849546548614,.3951031196971334,.32648,0
D-E,1979,.397484900201808,.322322115636224,.264422609329376,.4358744505676199,.36017,0
D-E,1980,.498318102050452,.39773818770101,.3223670094119629,.4960620120947767,.40227,0
D-E,1981,.588068824015488,.46522982839337,.374401794049829,.5597495450163303,.44932,0
D-E,1982,.671673634668691,.532752780845168,.429741411551494,.6326733277225651,.50367,0
D-E,1983,.7485705621235169,.583086905548874,.462875902722912,.6865399134403484,.5523,0
D-E,1984,.8171052439431961,.6296896905551229,.49520594151245,.7293136586108311,.59137,0
D-E,1985,.8738560144688481,.6667696545687051,.519936495945128,.7617239994968514,.62363,0
D-E,1986,.861580930933582,.647193146295267,.497218269029623,.7895297251851026,.65524,0
D-E,1987,.823338782310472,.6248128746531151,.484989796567438,.8088940468781413,.67156,0
D-E,1988,.8184363882042309,.631710402064974,.4991737497773039,.8283280733226913,.69313,0
D-E,1989,.817209629777415,.64799940330721,.52709752039806,.8498207447508541,.71599,0
D-E,1990,.837253837525744,.6737825865786721,.557126316121801,.8586975808085746,.73511,0
D-E,1991,.856092311489128,.693602710519704,.577810085259403,.8821211351241308,.754,0
D-E,1992,.8902693741833489,.706679576132981,.574808474618978,.8771932681420896,.769,0
D-E,1993,.914952262337458,.7204658773205951,.580747488714224,.8696007063531881,.78161,0
D-E,1994,.918865892669143,.726131292532422,.587912951729591,.8679314860560655,.78893,0
D-E,1995,.9070838089634741,.7272634776047591,.598433678607091,.8673846057345996,.79798,0
D-E,1996,.906307089188903,.731686837781154,.606804146984421,.8731732364327884,.80889,0
D-E,1997,.8965628251600031,.7355500653899451,.620533341865505,.8694265941298686,.81602,0
D-E,1998,.878624223976627,.72500403051371,.615623389876916,.8661622825628201,.82379,0
D-E,1999,.845317462629655,.711997100891658,.618478595831221,.8673886454625638,.8256,0
D-E,2000,.834879388762155,.727100129195599,.653779437121388,.8940202939151136,.83834,0
D-E,2001,.810711559599679,.749144418438268,.712141486110648,.9037644157871479,.85512,0
D-E,2002,.8165062059871749,.7526258504807321,.714135248681025,.910662003840373,.87283,0
D-E,2003,.8228553996698299,.7692164020114469,.740655469692724,.9082883909713766,.88918,0
D-E,2004,.847901524489495,.7779722381726389,.736815048165027,.9174186755616884,.90381,0
D-E,2005,.895082736870811,.8253984759467581,.7856292930082049,.9359927419758036,.92134,0
D-E,2006,.948871113284298,.889098483024661,.854958555106397,.9617287901985674,.94126,0
D-E,2007,.842745601933008,.91510526507004,.9436720341472309,.9772530754463074,.96539,0
D-E,2008,.8764908401625751,.968437893483005,1.00562473626354,.9907554992518763,.98836,0
D-E,2009,.962910006174176,.9770903589631661,.9826333135711149,.9949341121793988,.98931,0
D-E,2010,1,1,1,1,1,0
D-E,2011,1.10230044993435,1.06691007059935,1.05280721525819,1.017739101505978,1.00943,0
D-E,2012,1.106324019464,1.09974081531879,1.09812967855236,1.028603410557745,1.02112,0
D-E,2013,1.10220609660827,1.09688077763209,1.09583129512256,1.032626183369822,1.02905,0
D-E,2014,1.16280990718373,1.09713663116266,1.06663754936438,1.031410048928839,1.03498,0
D-E,2015,1.2550179380355,1.10724559733421,1.03735068112699,1.030898669860722,1.04687,0
D-E,2016,1.26157556850792,1.113031098281629,1.042770972129199,1.036285248272532,1.052340030670166,1
D-E,2017,1.268157073346627,1.118837662503252,1.048210996785707,1.041691437601208,1.057829976081848,1
D-E,2018,1.280229239291083,1.129488388829292,1.058189395648087,1.051607773804305,1.067899942398071,1
D-E,2019,1.297117238081494,1.144387906789759,1.072148381027632,1.065479938465869,1.081987023353577,1
F,1952,,,,,,1
F,1953,,,,,,1
F,1954,,,,,,1
F,1955,,,,,,1
F,1956,,,,,,1
F,1957,,,,,,1
F,1958,,,,,,1
F,1959,,,,,,1
F,1960,,,,,,1
F,1961,,,,,,1
F,1962,,,,,,1
F,1963,,,,,,1
F,1964,,,,,,1
F,1965,,,,,,1
F,1966,,,,,,1
F,1967,,,,,,1
F,1968,,,,,,1
F,1969,,,,,,1
F,1970,,,,,.15977,0
F,1971,,,,,.1692,0
F,1972,,,,,.18071,0
F,1973,,,,,.19492,0
F,1974,,,,,.21796,0
F,1975,.164436272439282,.2111187307286167,.249510325343189,,.24795,0
F,1976,.18213,.2338356,.27635822,,.27463,0
F,1977,.19887,.25599918,.30305746,,.29875,0
F,1978,.22807,.28001819,.32148559,.3951031196971334,.32648,0
F,1979,.26197,.31125537,.3495544799999999,.4358744505676199,.36017,0
F,1980,.3041,.35467678,.39335202,.4960620120947767,.40227,0
F,1981,.32764,.39093277,.44019265,.5597495450163303,.44932,0
F,1982,.37448,.43648149,.48370389,.6326733277225651,.50367,0
F,1983,.40621,.46800071,.5143301,.6865399134403484,.5523,0
F,1984,.43149,.49682682,.5457818600000001,.7293136586108311,.59137,0
F,1985,.44588,.51610225,.5690594999999999,.7617239994968514,.62363,0
F,1986,.49448,.53510474,.5614563,.7895297251851026,.65524,0
F,1987,.52305,.5533395999999999,.5704876999999999,.8088940468781413,.67156,0
F,1988,.54413,.57193764,.58666803,.8283280733226913,.69313,0
F,1989,.53789,.5860524699999999,.61739113,.8498207447508541,.71599,0
F,1990,.5437299999999999,.60395615,.64532137,.8586975808085746,.73511,0
F,1991,.5602,.62582559,.67147053,.8821211351241308,.754,0
F,1992,.56623,.63710866,.68720415,.8771932681420896,.769,0
F,1993,.57408,.6480267000000001,.7006352300000001,.8696007063531881,.78161,0
F,1994,.56943,.65206188,.71226006,.8679314860560655,.78893,0
F,1995,.57069,.65691953,.7202152700000001,.8673846057345996,.79798,0
F,1996,.57663,.66496571,.72996365,.8731732364327884,.80889,0
F,1997,.59463,.6790283499999999,.7404252499999999,.8694265941298686,.81602,0
F,1998,.60288,.6864150499999999,.7470127999999999,.8661622825628201,.82379,0
F,1999,.61212,.6974951199999999,.7594735,.8673886454625638,.8256,0
F,2000,.62369,.71699188,.78501031,.8940202939151136,.83834,0
F,2001,.64057,.73440348,.80269395,.9037644157871479,.85512,0
F,2002,.67053,.75626041,.8179941700000001,.910662003840373,.87283,0
F,2003,.70516,.7793051900000001,.83205076,.9082883909713766,.88918,0
F,2004,.74454,.81323194,.86174689,.9174186755616884,.90381,0
F,2005,.77236,.84191974,.8910057299999999,.9359927419758036,.92134,0
F,2006,.82789,.88701562,.92869062,.9617287901985674,.94126,0
F,2007,.8782099999999999,.9243831,.95690977,.9772530754463074,.96539,0
F,2008,.96446,.9823496,.99507568,.9907554992518763,.98836,0
F,2009,.98128,.9837452600000001,.9854768300000001,.9949341121793988,.98931,0
F,2010,1,1,1,1,1,0
F,2011,1.0526,1.03755148,1.02761222,1.017739101505978,1.00943,0
F,2012,1.08863,1.06110922,1.04332593,1.028603410557745,1.02112,0
F,2013,1.10642,1.06864678,1.04442898,1.032626183369822,1.02905,0
F,2014,1.11614,1.0706852,1.04161884,1.031410048928839,1.03498,0
F,2015,1.09804,1.06216037,1.03906879,1.030898669860722,1.04687,0
F,2016,1.103777400514934,1.067710294824032,1.044498058342499,1.036285248272532,1.052340030670166,1
F,2017,1.10953568918482,1.073280425260239,1.049947093023102,1.041691437601208,1.057829976081848,1
F,2018,1.120097865781595,1.083497471453489,1.059942018577888,1.051607773804305,1.067899942398071,1
F,2019,1.134873509722469,1.097790305444261,1.073924123484007,1.065479938465869,1.081987023353577,1
G,1952,,,,,,1
G,1953,,,,,,1
G,1954,,,,,,1
G,1955,,,,,,1
G,1956,,,,,,1
G,1957,,,,,,1
G,1958,,,,,,1
G,1959,,,,,,1
G,1960,,,,,,1
G,1961,,,,,,1
G,1962,,,,,,1
G,1963,,,,,,1
G,1964,,,,,,1
G,1965,,,,,,1
G,1966,,,,,,1
G,1967,,,,,,1
G,1968,,,,,,1
G,1969,,,,,,1
G,1970,,,,,.15977,0
G,1971,,,,,.1692,0
G,1972,,,,,.18071,0
G,1973,,,,,.19492,0
G,1974,,,,,.21796,0
G,1975,.321234424498416,.3163370079725448,.3106707866420274,,.24795,0
G,1976,.3558,.3503756099999999,.34409969,,.27463,0
G,1977,.38428,.37702082,.36839145,,.29875,0
G,1978,.4117499999999999,.40808742,.40429305,.3951031196971334,.32648,0
G,1979,.44787,.44439833,.44094839,.4358744505676199,.36017,0
G,1980,.49879,.4975054699999999,.49712039,.4960620120947767,.40227,0
G,1981,.55769,.5567577699999999,.5570241699999999,.5597495450163303,.44932,0
G,1982,.61742,.61385654,.61074826,.6326733277225651,.50367,0
G,1983,.67484,.66508909,.65376115,.6865399134403484,.5523,0
G,1984,.71819,.7129031100000001,.70787802,.7293136586108311,.59137,0
G,1985,.74643,.7429017,.74037267,.7617239994968514,.62363,0
G,1986,.7602800000000001,.74949331,.7370798700000001,.7895297251851026,.65524,0
G,1987,.7804800000000001,.76353651,.74300904,.8088940468781413,.67156,0
G,1988,.80279,.7790347599999999,.74986458,.8283280733226913,.69313,0
G,1989,.82623,.8032336,.77507171,.8498207447508541,.71599,0
G,1990,.8386499999999999,.81444066,.7847377400000001,.8586975808085746,.73511,0
G,1991,.86478,.8317305500000001,.79083263,.8821211351241308,.754,0
G,1992,.8659600000000001,.82939155,.7839977299999999,.8771932681420896,.769,0
G,1993,.8729,.8340517,.7857476699999999,.8696007063531881,.78161,0
G,1994,.87071,.8389191499999999,.7998057900000001,.8679314860560655,.78893,0
G,1995,.87815,.84167059,.7965502800000001,.8673846057345996,.79798,0
G,1996,.87588,.84831526,.8145991100000001,.8731732364327884,.80889,0
G,1997,.86775,.84846448,.82546664,.8694265941298686,.81602,0
G,1998,.86497,.8479063100000001,.8277749900000001,.8661622825628201,.82379,0
G,1999,.8470099999999999,.84126605,.83557325,.8673886454625638,.8256,0
G,2000,.8504699999999999,.8497366200000001,.8503749500000001,.8940202939151136,.83834,0
G,2001,.8828100000000001,.8760852800000001,.86931543,.9037644157871479,.85512,0
G,2002,.8925799999999999,.89933637,.9093001599999999,.910662003840373,.87283,0
G,2003,.9322499999999999,.92518749,.91844352,.9082883909713766,.88918,0
G,2004,.94037,.93868129,.93796578,.9174186755616884,.90381,0
G,2005,.94377,.94716375,.9519050099999999,.9359927419758036,.92134,0
G,2006,.9453199999999999,.95163273,.9594590599999999,.9617287901985674,.94126,0
G,2007,.9521999999999999,.9623078599999999,.97417849,.9772530754463074,.96539,0
G,2008,.98369,.9925310500000001,1.00302045,.9907554992518763,.98836,0
G,2009,1.0153,1.00295197,.98995694,.9949341121793988,.98931,0
G,2010,1,1,1,1,1,0
G,2011,.9937600000000001,1.00495102,1.01694983,1.017739101505978,1.00943,0
G,2012,1.00497,1.01735492,1.03062182,1.028603410557745,1.02112,0
G,2013,.99764,1.01587209,1.0352649,1.032626183369822,1.02905,0
G,2014,.9862000000000001,1.00827093,1.03163483,1.031410048928839,1.03498,0
G,2015,.9827800000000001,1.00401717,1.02651774,1.030898669860722,1.04687,0
G,2016,.9879151521602739,1.009263289110561,1.031881427488675,1.036285248272532,1.052340030670166,1
G,2017,.9930689998698203,1.014528507767789,1.037264642555229,1.041691437601208,1.057829976081848,1
G,2018,1.002522476897778,1.024186267645147,1.047138838075977,1.051607773804305,1.067899942398071,1
G,2019,1.01574713843307,1.037696704618703,1.060952051278803,1.065479938465869,1.081987023353577,1
H,1952,,,,,,1
H,1953,,,,,,1
H,1954,,,,,,1
H,1955,,,,,,1
H,1956,,,,,,1
H,1957,,,,,,1
H,1958,,,,,,1
H,1959,,,,,,1
H,1960,,,,,,1
H,1961,,,,,,1
H,1962,,,,,,1
H,1963,,,,,,1
H,1964,,,,,,1
H,1965,,,,,,1
H,1966,,,,,,1
H,1967,,,,,,1
H,1968,,,,,,1
H,1969,,,,,,1
H,1970,,,,,.15977,0
H,1971,,,,,.1692,0
H,1972,,,,,.18071,0
H,1973,,,,,.19492,0
H,1974,,,,,.21796,0
H,1975,.4526895459345301,.2905700887539599,.1852884494192186,,.24795,0
H,1976,.5014,.32183611,.20522592,,.27463,0
H,1977,.53813,.34680536,.22198949,,.29875,0
H,1978,.58409,.3786225,.24370499,.3951031196971334,.32648,0
H,1979,.63592,.4110651,.26384175,.4358744505676199,.36017,0
H,1980,.6899500000000001,.45610841,.29922988,.4960620120947767,.40227,0
H,1981,.75643,.5098184,.34065004,.5597495450163303,.44932,0
H,1982,.81411,.5673718600000001,.39084048,.6326733277225651,.50367,0
H,1983,.86529,.6056797900000001,.41888521,.6865399134403484,.5523,0
H,1984,.922,.64751554,.44921991,.7293136586108311,.59137,0
H,1985,.95092,.6895051800000001,.49322577,.7617239994968514,.62363,0
H,1986,.9722499999999999,.7006163700000001,.49803267,.7895297251851026,.65524,0
H,1987,.95196,.69047042,.49422016,.8088940468781413,.67156,0
H,1988,.94842,.6890129500000001,.49406353,.8283280733226913,.69313,0
H,1989,.95363,.6987370199999999,.5058928499999999,.8498207447508541,.71599,0
H,1990,.9522799999999999,.70086593,.5099595699999999,.8586975808085746,.73511,0
H,1991,.95312,.7226763300000001,.54326746,.8821211351241308,.754,0
H,1992,.95499,.72371132,.5437075099999999,.8771932681420896,.769,0
H,1993,.9393300000000001,.7319918,.5673385799999999,.8696007063531881,.78161,0
H,1994,.9158700000000001,.73717462,.59272877,.8679314860560655,.78893,0
H,1995,.8813599999999999,.7438860300000001,.6282632499999999,.8673846057345996,.79798,0
H,1996,.8497,.74499259,.6541875,.8731732364327884,.80889,0
H,1997,.82979,.7621551,.6999576399999999,.8694265941298686,.81602,0
H,1998,.8186,.77063315,.7254244400000001,.8661622825628201,.82379,0
H,1999,.8112900000000001,.7890388,.76616083,.8673886454625638,.8256,0
H,2000,.8120999999999999,.81642143,.8155466,.8940202939151136,.83834,0
H,2001,.8601000000000001,.83557055,.81142756,.9037644157871479,.85512,0
H,2002,.8877700000000001,.84958709,.81438345,.910662003840373,.87283,0
H,2003,.90684,.8624417699999999,.82218569,.9082883909713766,.88918,0
H,2004,.9194599999999999,.87622828,.8368795299999999,.9174186755616884,.90381,0
H,2005,.9222199999999999,.8944224,.8680375499999999,.9359927419758036,.92134,0
H,2006,.91964,.91275685,.90395245,.9617287901985674,.94126,0
H,2007,.9536199999999999,.9394848299999999,.9245074700000001,.9772530754463074,.96539,0
H,2008,.99601,.97730164,.95831687,.9907554992518763,.98836,0
H,2009,1.02351,.9853910100000001,.9490036399999999,.9949341121793988,.98931,0
H,2010,1,1,1,1,1,0
H,2011,.97392,1.01523641,1.05480694,1.017739101505978,1.00943,0
H,2012,.98039,1.0389004,1.09550895,1.028603410557745,1.02112,0
H,2013,1.00473,1.05258216,1.09902815,1.032626183369822,1.02905,0
H,2014,1.01575,1.05341439,1.09026912,1.031410048928839,1.03498,0
H,2015,1.03893,1.05277237,1.06668345,1.030898669860722,1.04687,0
H,2016,1.044358543146862,1.058273241314111,1.072257008499965,1.036285248272532,1.052340030670166,1
H,2017,1.049806849991608,1.063794139651275,1.077850858655232,1.041691437601208,1.057829976081848,1
H,2018,1.059800440508972,1.073920881562449,1.08811141288983,1.051607773804305,1.067899942398071,1
H,2019,1.073780677804055,1.088087387053971,1.102465111165688,1.065479938465869,1.081987023353577,1
I,1952,,,,,,1
I,1953,,,,,,1
I,1954,,,,,,1
I,1955,,,,,,1
I,1956,,,,,,1
I,1957,,,,,,1
I,1958,,,,,,1
I,1959,,,,,,1
I,1960,,,,,,1
I,1961,,,,,,1
I,1962,,,,,,1
I,1963,,,,,,1
I,1964,,,,,,1
I,1965,,,,,,1
I,1966,,,,,,1
I,1967,,,,,,1
I,1968,,,,,,1
I,1969,,,,,,1
I,1970,,,,,.15977,0
I,1971,,,,,.1692,0
I,1972,,,,,.18071,0
I,1973,,,,,.19492,0
I,1974,,,,,.21796,0
I,1975,.1126938753959873,.1560722868532207,.2196931347940866,,.24795,0
I,1976,.12482,.17286603,.24333263,,.27463,0
I,1977,.13977,.19426847,.2742815,,.29875,0
I,1978,.15657,.21309413,.29558231,.3951031196971334,.32648,0
I,1979,.18001,.23845064,.32326864,.4358744505676199,.36017,0
I,1980,.21082,.27071771,.35738341,.4960620120947767,.40227,0
I,1981,.24681,.31371803,.41045033,.5597495450163303,.44932,0
I,1982,.27957,.35434629,.46237956,.6326733277225651,.50367,0
I,1983,.31761,.39522074,.50673996,.6865399134403484,.5523,0
I,1984,.33919,.42328413,.54425913,.7293136586108311,.59137,0
I,1985,.36239,.44999228,.57573427,.7617239994968514,.62363,0
I,1986,.39564,.47235769,.58079359,.7895297251851026,.65524,0
I,1987,.43821,.5059285,.60018042,.8088940468781413,.67156,0
I,1988,.47584,.5363742899999999,.61954279,.8283280733226913,.69313,0
I,1989,.5036200000000001,.56384816,.6462080299999999,.8498207447508541,.71599,0
I,1990,.53326,.59569277,.6808951000000001,.8586975808085746,.73511,0
I,1991,.56054,.6222696400000001,.7060678699999999,.8821211351241308,.754,0
I,1992,.59612,.65197879,.72640851,.8771932681420896,.769,0
I,1993,.62402,.67470938,.7408829,.8696007063531881,.78161,0
I,1994,.63569,.68956632,.76046988,.8679314860560655,.78893,0
I,1995,.6492100000000001,.70258479,.7724204,.8673846057345996,.79798,0
I,1996,.6563599999999999,.7139952599999999,.79035847,.8731732364327884,.80889,0
I,1997,.6699200000000001,.72916534,.8077485400000001,.8694265941298686,.81602,0
I,1998,.69658,.7403645400000001,.79581229,.8661622825628201,.82379,0
I,1999,.7197100000000001,.7531537500000001,.79349547,.8673886454625638,.8256,0
I,2000,.7389600000000001,.77108226,.8094820699999999,.8940202939151136,.83834,0
I,2001,.7382,.7875551299999999,.8499710500000001,.9037644157871479,.85512,0
I,2002,.8048000000000001,.81905147,.8353248600000001,.910662003840373,.87283,0
I,2003,.8334600000000001,.8367799499999999,.83944305,.9082883909713766,.88918,0
I,2004,.86372,.85659544,.84666758,.9174186755616884,.90381,0
I,2005,.8952,.87809319,.8560556499999999,.9359927419758036,.92134,0
I,2006,.9159,.89886142,.87686837,.9617287901985674,.94126,0
I,2007,.9488800000000001,.9235043500000001,.8914723499999999,.9772530754463074,.96539,0
I,2008,.9586199999999999,.95128877,.94171099,.9907554992518763,.98836,0
I,2009,.9684699999999999,.9782792600000001,.9898883399999999,.9949341121793988,.98931,0
I,2010,1,1,1,1,1,0
I,2011,.9940600000000001,1.02098099,1.05535416,1.017739101505978,1.00943,0
I,2012,1.01263,1.04116092,1.07754399,1.028603410557745,1.02112,0
I,2013,1.02265,1.06321626,1.11526275,1.032626183369822,1.02905,0
I,2014,1.02609,1.07637037,1.14107327,1.031410048928839,1.03498,0
I,2015,1.04426,1.08926064,1.14714383,1.030898669860722,1.04687,0
I,2016,1.04971639308379,1.094952167227454,1.153137804355165,1.036285248272532,1.052340030670166,1
I,2017,1.055192651258734,1.100664415598975,1.159153600973702,1.041691437601208,1.057829976081848,1
I,2018,1.06523751167634,1.111142142493802,1.170188113117486,1.051607773804305,1.067899942398071,1
I,2019,1.079289471478986,1.125799648026796,1.185624516874227,1.065479938465869,1.081987023353577,1
J,1952,,,,,,1
J,1953,,,,,,1
J,1954,,,,,,1
J,1955,,,,,,1
J,1956,,,,,,1
J,1957,,,,,,1
J,1958,,,,,,1
J,1959,,,,,,1
J,1960,,,,,,1
J,1961,,,,,,1
J,1962,,,,,,1
J,1963,,,,,,1
J,1964,,,,,,1
J,1965,,,,,,1
J,1966,,,,,,1
J,1967,,,,,,1
J,1968,,,,,,1
J,1969,,,,,,1
J,1970,,,,,.15977,0
J,1971,,,,,.1692,0
J,1972,,,,,.18071,0
J,1973,,,,,.19492,0
J,1974,,,,,.21796,0
J,1975,.4095874340021119,.4049390599260824,.4132394215945089,,.24795,0
J,1976,.45366,.44851145,.4577049499999999,,.27463,0
J,1977,.4987,.48901688,.49227171,,.29875,0
J,1978,.54437,.53127471,.53067564,.3951031196971334,.32648,0
J,1979,.60673,.5782914300000001,.5569975699999999,.4358744505676199,.36017,0
J,1980,.65295,.62792599,.6133000200000001,.4960620120947767,.40227,0
J,1981,.7055400000000001,.68025188,.6670235999999999,.5597495450163303,.44932,0
J,1982,.7867799999999999,.7530032099999999,.73022863,.6326733277225651,.50367,0
J,1983,.8577899999999999,.80446932,.75707315,.6865399134403484,.5523,0
J,1984,.9311799999999999,.86911566,.8119638600000001,.7293136586108311,.59137,0
J,1985,.98811,.92324871,.8639882299999999,.7617239994968514,.62363,0
J,1986,1.04993,.9563191600000001,.8586985199999999,.7895297251851026,.65524,0
J,1987,1.08709,.97945681,.86356928,.8088940468781413,.67156,0
J,1988,1.06791,.96290164,.8500985599999999,.8283280733226913,.69313,0
J,1989,1.07626,.97864153,.87656055,.8498207447508541,.71599,0
J,1990,1.10476,.9936632400000001,.8736450600000001,.8586975808085746,.73511,0
J,1991,1.14493,1.02405068,.8915735100000001,.8821211351241308,.754,0
J,1992,1.1752,1.04520276,.90111794,.8771932681420896,.769,0
J,1993,1.19852,1.05763112,.89909988,.8696007063531881,.78161,0
J,1994,1.20791,1.07261354,.92229678,.8679314860560655,.78893,0
J,1995,1.20706,1.07957471,.9400852500000001,.8673846057345996,.79798,0
J,1996,1.21607,1.08457415,.9399250100000001,.8731732364327884,.80889,0
J,1997,1.20267,1.06979329,.9230172299999999,.8694265941298686,.81602,0
J,1998,1.1894,1.0534192,.9026819500000001,.8661622825628201,.82379,0
J,1999,1.16192,1.03939887,.9040836,.8673886454625638,.8256,0
J,2000,1.14998,1.03670438,.91055801,.8940202939151136,.83834,0
J,2001,1.14643,1.03654165,.91348485,.9037644157871479,.85512,0
J,2002,1.13721,1.03989847,.9298675799999999,.910662003840373,.87283,0
J,2003,1.11127,1.02437341,.9255291800000001,.9082883909713766,.88918,0
J,2004,1.07987,1.01541548,.94218768,.9174186755616884,.90381,0
J,2005,1.0798,1.02058704,.95294943,.9359927419758036,.92134,0
J,2006,1.03432,1.00512174,.97186267,.9617287901985674,.94126,0
J,2007,1.0207,1.00922951,.99687426,.9772530754463074,.96539,0
J,2008,1.01298,1.01261878,1.01294018,.9907554992518763,.98836,0
J,2009,1.03061,1.01394232,.9966162900000001,.9949341121793988,.98931,0
J,2010,1,1,1,1,1,0
J,2011,.9534600000000001,.97914747,1.00704393,1.017739101505978,1.00943,0
J,2012,.91339,.96185321,1.01545471,1.028603410557745,1.02112,0
J,2013,.9143600000000001,.9305393700000001,.9476259899999999,1.032626183369822,1.02905,0
J,2014,.8830500000000001,.90723513,.93336752,1.031410048928839,1.03498,0
J,2015,.8955500000000001,.9067596,.91838509,1.030898669860722,1.04687,0
J,2016,.9002293641681081,.9114975357727966,.9231837704563348,1.036285248272532,1.052340030670166,1
J,2017,.9049257644980744,.9162527209491018,.9279999214693572,1.041691437601208,1.057829976081848,1
J,2018,.9135401658415973,.9249749487604939,.9368339762437051,1.051607773804305,1.067899942398071,1
J,2019,.9255910273140846,.9371766508747791,.9491921153738351,1.065479938465869,1.081987023353577,1
K,1952,,,,,,1
K,1953,,,,,,1
K,1954,,,,,,1
K,1955,,,,,,1
K,1956,,,,,,1
K,1957,,,,,,1
K,1958,,,,,,1
K,1959,,,,,,1
K,1960,,,,,,1
K,1961,,,,,,1
K,1962,,,,,,1
K,1963,,,,,,1
K,1964,,,,,,1
K,1965,,,,,,1
K,1966,,,,,,1
K,1967,,,,,,1
K,1968,,,,,,1
K,1969,,,,,,1
K,1970,,,,,.15977,0
K,1971,,,,,.1692,0
K,1972,,,,,.18071,0
K,1973,,,,,.19492,0
K,1974,,,,,.21796,0
K,1975,.2911423970432946,.3211998272439282,.3382973895459346,,.24795,0
K,1976,.32247,.35576168,.37469898,,.27463,0
K,1977,.33099,.38910497,.43077795,,.29875,0
K,1978,.34688,.4202660500000001,.47545923,.3951031196971334,.32648,0
K,1979,.37692,.45922523,.5216355,.4358744505676199,.36017,0
K,1980,.41809,.5281865100000001,.61617257,.4960620120947767,.40227,0
K,1981,.4435,.58004932,.69533711,.5597495450163303,.44932,0
K,1982,.5059400000000001,.65429063,.7776437199999999,.6326733277225651,.50367,0
K,1983,.56772,.74184367,.88898687,.6865399134403484,.5523,0
K,1984,.6251599999999999,.8173773099999999,.97996623,.7293136586108311,.59137,0
K,1985,.6924899999999999,.9001524999999999,1.07456674,.7617239994968514,.62363,0
K,1986,.7240000000000001,.9415138000000001,1.12430422,.7895297251851026,.65524,0
K,1987,.7318399999999999,.92846239,1.08810402,.8088940468781413,.67156,0
K,1988,.76676,.9498443299999999,1.09233672,.8283280733226913,.69313,0
K,1989,.80604,1.01833058,1.19051674,.8498207447508541,.71599,0
K,1990,.8238,1.01688874,1.16870908,.8586975808085746,.73511,0
K,1991,.81391,1.03660503,1.22122678,.8821211351241308,.754,0
K,1992,.8420799999999999,1.04662983,1.21118469,.8771932681420896,.769,0
K,1993,.85392,1.06486412,1.23559672,.8696007063531881,.78161,0
K,1994,.83339,1.01062348,1.14642654,.8679314860560655,.78893,0
K,1995,.8005800000000001,.9712220100000001,1.10203209,.8673846057345996,.79798,0
K,1996,.80233,.9503838,1.06096238,.8731732364327884,.80889,0
K,1997,.81072,.9069500700000001,.9757510700000001,.8694265941298686,.81602,0
K,1998,.78759,.91083376,1.00145225,.8661622825628201,.82379,0
K,1999,.79754,.92230543,1.01403249,.8673886454625638,.8256,0
K,2000,.8343699999999999,.94657985,1.02740506,.8940202939151136,.83834,0
K,2001,.8026399999999999,.92986746,1.0224959,.9037644157871479,.85512,0
K,2002,.7929900000000001,.92085211,1.01406669,.910662003840373,.87283,0
K,2003,.78521,.90106657,.98485018,.9082883909713766,.88918,0
K,2004,.80405,.90200256,.9715596200000001,.9174186755616884,.90381,0
K,2005,.8407800000000001,.91188163,.9615079299999999,.9359927419758036,.92134,0
K,2006,.90988,.93032346,.94793525,.9617287901985674,.94126,0
K,2007,.8909999999999999,.9246357500000001,.9504014200000001,.9772530754463074,.96539,0
K,2008,.83854,.91773673,.97227791,.9907554992518763,.98836,0
K,2009,.8503499999999999,.9333469599999999,.9905192900000001,.9949341121793988,.98931,0
K,2010,1,1,1,1,1,0
K,2011,.9066,.96439557,1.00764021,1.017739101505978,1.00943,0
K,2012,.8922599999999999,.9691810700000001,1.02688557,1.028603410557745,1.02112,0
K,2013,.94387,.99346947,1.03067875,1.032626183369822,1.02905,0
K,2014,.9673099999999999,1.00967129,1.04153432,1.031410048928839,1.03498,0
K,2015,.97717,1.01758567,1.04804653,1.030898669860722,1.04687,0
K,2016,.9822758391872594,1.022902686271764,1.053522708191047,1.036285248272532,1.052340030670166,1
K,2017,.9874002672040459,1.0282390602055,1.05901882350489,1.041691437601208,1.057829976081848,1
K,2018,.996799780978654,1.038027337088753,1.069100107002301,1.051607773804305,1.067899942398071,1
K,2019,1.009948952219869,1.051720356959847,1.083203019793045,1.065479938465869,1.081987023353577,1
L,1952,,,,,,1
L,1953,,,,,,1
L,1954,,,,,,1
L,1955,,,,,,1
L,1956,,,,,,1
L,1957,,,,,,1
L,1958,,,,,,1
L,1959,,,,,,1
L,1960,,,,,,1
L,1961,,,,,,1
L,1962,,,,,,1
L,1963,,,,,,1
L,1964,,,,,,1
L,1965,,,,,,1
L,1966,,,,,,1
L,1967,,,,,,1
L,1968,,,,,,1
L,1969,,,,,,1
L,1970,,,,,.15977,0
L,1971,,,,,.1692,0
L,1972,,,,,.18071,0
L,1973,,,,,.19492,0
L,1974,,,,,.21796,0
L,1975,.1400863780359028,.1774887096620908,.3856182267687434,,.24795,0
L,1976,.15516,.19658691,.42711165,,.27463,0
L,1977,.16614,.21356595,.48498116,,.29875,0
L,1978,.17949,.23076039,.52425866,.3951031196971334,.32648,0
L,1979,.2019,.2551667,.54969516,.4358744505676199,.36017,0
L,1980,.22888,.28656582,.59977714,.4960620120947767,.40227,0
L,1981,.26179,.32318925,.64660194,.5597495450163303,.44932,0
L,1982,.29037,.35473765,.68586999,.6326733277225651,.50367,0
L,1983,.32405,.38889731,.70745776,.6865399134403484,.5523,0
L,1984,.35744,.42035245,.71404061,.7293136586108311,.59137,0
L,1985,.38672,.44579637,.7076732099999999,.7617239994968514,.62363,0
L,1986,.41664,.46943405,.69101668,.7895297251851026,.65524,0
L,1987,.44764,.49545867,.68451189,.8088940468781413,.67156,0
L,1988,.48155,.5270568,.69793041,.8283280733226913,.69313,0
L,1989,.5141899999999999,.55728678,.71219977,.8498207447508541,.71599,0
L,1990,.54069,.57787396,.7033496800000001,.8586975808085746,.73511,0
L,1991,.57103,.60333538,.70428094,.8821211351241308,.754,0
L,1992,.60475,.6309602799999999,.7017940699999999,.8771932681420896,.769,0
L,1993,.6271,.65022605,.70623695,.8696007063531881,.78161,0
L,1994,.64913,.66590114,.69338861,.8679314860560655,.78893,0
L,1995,.66947,.68038719,.68463252,.8673846057345996,.79798,0
L,1996,.6856300000000001,.6915002699999999,.67580881,.8731732364327884,.80889,0
L,1997,.70109,.7037006800000001,.67392812,.8694265941298686,.81602,0
L,1998,.72423,.7211809499999999,.6690284,.8661622825628201,.82379,0
L,1999,.73942,.7355581999999999,.67982156,.8673886454625638,.8256,0
L,2000,.7576999999999999,.75048081,.68068004,.8940202939151136,.83834,0
L,2001,.78184,.76990746,.67892624,.9037644157871479,.85512,0
L,2002,.80975,.79393518,.68764063,.910662003840373,.87283,0
L,2003,.8420099999999999,.81813315,.68282833,.9082883909713766,.88918,0
L,2004,.8755700000000001,.8478034,.6966364199999999,.9174186755616884,.90381,0
L,2005,.9135,.88074189,.70894572,.9359927419758036,.92134,0
L,2006,.9609000000000001,.91324496,.68223455,.9617287901985674,.94126,0
L,2007,1.01982,.9460448499999999,.6127970899999999,.9772530754463074,.96539,0
L,2008,1.06244,.9677554899999999,.5551624000000001,.9907554992518763,.98836,0
L,2009,1.01105,.9865791500000001,.87653181,.9949341121793988,.98931,0
L,2010,1,1,1,1,1,0
L,2011,1.02875,1.00934431,.92459293,1.017739101505978,1.00943,0
L,2012,1.03487,1.02436371,.97891176,1.028603410557745,1.02112,0
L,2013,1.02829,1.02875049,1.03378216,1.032626183369822,1.02905,0
L,2014,1.03149,1.03713868,1.06625117,1.031410048928839,1.03498,0
L,2015,1.02808,1.04196293,1.10917771,1.030898669860722,1.04687,0
L,2016,1.033451850498519,1.047407320596995,1.114973306485108,1.036285248272532,1.052340030670166,1
L,2017,1.038843258293987,1.052871532587687,1.120790002999244,1.041691437601208,1.057829976081848,1
L,2018,1.048732481378404,1.062894297217349,1.131459314545478,1.051607773804305,1.067899942398071,1
L,2019,1.062566716946082,1.076915346772256,1.146384831748963,1.065479938465869,1.081987023353577,1
M-N,1952,,,,,,1
M-N,1953,,,,,,1
M-N,1954,,,,,,1
M-N,1955,,,,,,1
M-N,1956,,,,,,1
M-N,1957,,,,,,1
M-N,1958,,,,,,1
M-N,1959,,,,,,1
M-N,1960,,,,,,1
M-N,1961,,,,,,1
M-N,1962,,,,,,1
M-N,1963,,,,,,1
M-N,1964,,,,,,1
M-N,1965,,,,,,1
M-N,1966,,,,,,1
M-N,1967,,,,,,1
M-N,1968,,,,,,1
M-N,1969,,,,,,1
M-N,1970,,,,,.15977,0
M-N,1971,,,,,.1692,0
M-N,1972,,,,,.18071,0
M-N,1973,,,,,.19492,0
M-N,1974,,,,,.21796,0
M-N,1975,.197209767687434,.2476929673178458,.3305052517951426,,.24795,0
M-N,1976,.21843,.27434531,.36606839,,.27463,0
M-N,1977,.24368,.30053129,.39124677,,.29875,0
M-N,1978,.26836,.32944138,.42631135,.3951031196971334,.32648,0
M-N,1979,.29463,.35197583,.44042466,.4358744505676199,.36017,0
M-N,1980,.3272099999999999,.3851567,.4727911,.4960620120947767,.40227,0
M-N,1981,.36639,.42600407,.51450162,.5597495450163303,.44932,0
M-N,1982,.40621,.47017294,.56448986,.6326733277225651,.50367,0
M-N,1983,.44521,.5051346999999999,.59083061,.6865399134403484,.5523,0
M-N,1984,.46634,.53226034,.6274949,.7293136586108311,.59137,0
M-N,1985,.49162,.56087628,.6608536700000001,.7617239994968514,.62363,0
M-N,1986,.52857,.58614595,.6654249400000001,.7895297251851026,.65524,0
M-N,1987,.55054,.6045280199999999,.6775938499999999,.8088940468781413,.67156,0
M-N,1988,.58247,.62740951,.68547169,.8283280733226913,.69313,0
M-N,1989,.60404,.65017861,.7096846999999999,.8498207447508541,.71599,0
M-N,1990,.63144,.67048496,.71871724,.8586975808085746,.73511,0
M-N,1991,.65815,.6943009600000001,.73765431,.8821211351241308,.754,0
M-N,1992,.67681,.70849046,.74483362,.8771932681420896,.769,0
M-N,1993,.6922,.72327113,.7584819899999999,.8696007063531881,.78161,0
M-N,1994,.6949200000000001,.73342237,.77975848,.8679314860560655,.78893,0
M-N,1995,.70253,.74308058,.79237207,.8673846057345996,.79798,0
M-N,1996,.71521,.7565252800000001,.8067656,.8731732364327884,.80889,0
M-N,1997,.72773,.76888817,.81868965,.8694265941298686,.81602,0
M-N,1998,.73783,.7793788,.82959035,.8661622825628201,.82379,0
M-N,1999,.74844,.7932591999999999,.84804696,.8673886454625638,.8256,0
M-N,2000,.784,.82225515,.86791173,.8940202939151136,.83834,0
M-N,2001,.82946,.85425172,.88338681,.9037644157871479,.85512,0
M-N,2002,.8468800000000001,.86937445,.89575262,.910662003840373,.87283,0
M-N,2003,.8665600000000001,.88404911,.90439497,.9082883909713766,.88918,0
M-N,2004,.88465,.9002445299999999,.9183508,.9174186755616884,.90381,0
M-N,2005,.9020199999999999,.9148620900000001,.92974851,.9359927419758036,.92134,0
M-N,2006,.9303199999999999,.94008814,.9514584700000001,.9617287901985674,.94126,0
M-N,2007,.96154,.96153317,.96163676,.9772530754463074,.96539,0
M-N,2008,.98653,.98431961,.9819082899999999,.9907554992518763,.98836,0
M-N,2009,.9962300000000001,.99250656,.9883978299999999,.9949341121793988,.98931,0
M-N,2010,1,1,1,1,1,0
M-N,2011,1.01588,1.01507665,1.0142155,1.017739101505978,1.00943,0
M-N,2012,1.02425,1.02658867,1.02898809,1.028603410557745,1.02112,0
M-N,2013,1.02697,1.03008728,1.03328562,1.032626183369822,1.02905,0
M-N,2014,1.03182,1.03256685,1.03334911,1.031410048928839,1.03498,0
M-N,2015,1.03931,1.03509096,1.03087409,1.030898669860722,1.04687,0
M-N,2016,1.044740528695836,1.040499443668088,1.03626053997887,1.036285248272532,1.052340030670166,1
M-N,2017,1.050190828318345,1.045927618003513,1.04166660040702,1.041691437601208,1.057829976081848,1
M-N,2018,1.060188074100642,1.055884280341174,1.051582700173531,1.051607773804305,1.067899942398071,1
M-N,2019,1.074173424820279,1.069812858053623,1.065454534079138,1.065479938465869,1.081987023353577,1
O,1952,,,,,,1
O,1953,,,,,,1
O,1954,,,,,,1
O,1955,,,,,,1
O,1956,,,,,,1
O,1957,,,,,,1
O,1958,,,,,,1
O,1959,,,,,,1
O,1960,,,,,,1
O,1961,,,,,,1
O,1962,,,,,,1
O,1963,,,,,,1
O,1964,,,,,,1
O,1965,,,,,,1
O,1966,,,,,,1
O,1967,,,,,,1
O,1968,,,,,,1
O,1969,,,,,,1
O,1970,,,,,.15977,0
O,1971,,,,,.1692,0
O,1972,,,,,.18071,0
O,1973,,,,,.19492,0
O,1974,,,,,.21796,0
O,1975,.2021393347412883,.2296549862724393,.3232294907074973,,.24795,0
O,1976,.22389,.2543664,.35800974,,.27463,0
O,1977,.25194,.28385981,.39122513,,.29875,0
O,1978,.28009,.30560349,.38700184,.3951031196971334,.32648,0
O,1979,.31264,.33756731,.41514178,.4358744505676199,.36017,0
O,1980,.3541299999999999,.38398287,.47789832,.4960620120947767,.40227,0
O,1981,.40042,.4332594,.53605707,.5597495450163303,.44932,0
O,1982,.45196,.48526481,.58711315,.6326733277225651,.50367,0
O,1983,.49978,.53120291,.62410911,.6865399134403484,.5523,0
O,1984,.5397,.57113956,.66281567,.7293136586108311,.59137,0
O,1985,.5648299999999999,.59857804,.6973946599999999,.7617239994968514,.62363,0
O,1986,.60366,.61981129,.66328908,.7895297251851026,.65524,0
O,1987,.61104,.62450096,.6602223100000001,.8088940468781413,.67156,0
O,1988,.6322099999999999,.6405008800000001,.66257577,.8283280733226913,.69313,0
O,1989,.6537500000000001,.66340925,.68917155,.8498207447508541,.71599,0
O,1990,.6665800000000001,.6769749,.70467055,.8586975808085746,.73511,0
O,1991,.6773399999999999,.68969284,.7225100999999999,.8821211351241308,.754,0
O,1992,.69643,.70919629,.74308382,.8771932681420896,.769,0
O,1993,.71601,.72486237,.7499009999999999,.8696007063531881,.78161,0
O,1994,.72763,.7357268,.75884564,.8679314860560655,.78893,0
O,1995,.7391800000000001,.7504009,.78239064,.8673846057345996,.79798,0
O,1996,.7543300000000001,.7638319699999999,.79105147,.8731732364327884,.80889,0
O,1997,.76447,.77520975,.80576105,.8694265941298686,.81602,0
O,1998,.77801,.78749183,.8142285300000001,.8661622825628201,.82379,0
O,1999,.7890600000000001,.79970486,.8299606900000001,.8673886454625638,.8256,0
O,2000,.80611,.8150970200000001,.84053352,.8940202939151136,.83834,0
O,2001,.82086,.82829245,.8490039899999999,.9037644157871479,.85512,0
O,2002,.85772,.85577647,.8502811,.910662003840373,.87283,0
O,2003,.8754999999999999,.87225009,.86309703,.9082883909713766,.88918,0
O,2004,.8976500000000001,.89235146,.87754409,.9174186755616884,.90381,0
O,2005,.91537,.91324354,.90739935,.9359927419758036,.92134,0
O,2006,.9308700000000001,.93178951,.93472312,.9617287901985674,.94126,0
O,2007,.95434,.9479969499999999,.93040975,.9772530754463074,.96539,0
O,2008,.97551,.97060552,.95704252,.9907554992518763,.98836,0
O,2009,.9847199999999999,.98048944,.96874916,.9949341121793988,.98931,0
O,2010,1,1,1,1,1,0
O,2011,1.01951,1.01939915,1.01908565,1.017739101505978,1.00943,0
O,2012,1.03199,1.03346376,1.03749826,1.028603410557745,1.02112,0
O,2013,1.03994,1.03929766,1.03757771,1.032626183369822,1.02905,0
O,2014,1.04177,1.04286561,1.04606206,1.031410048928839,1.03498,0
O,2015,1.0395,1.04156232,1.0473883,1.030898669860722,1.04687,0
O,2016,1.044931521470324,1.047004617358114,1.052861038854464,1.036285248272532,1.052340030670166,1
O,2017,1.050382817481713,1.052466728489071,1.058353702310132,1.041691437601208,1.057829976081848,1
O,2018,1.060381890896477,1.062485639603773,1.068428654215341,1.051607773804305,1.067899942398071,1
O,2019,1.074369798328392,1.076501298398125,1.082522709612811,1.065479938465869,1.081987023353577,1
O-U,1952,,,,,,1
O-U,1953,,,,,,1
O-U,1954,,,,,,1
O-U,1955,,,,,,1
O-U,1956,,,,,,1
O-U,1957,,,,,,1
O-U,1958,,,,,,1
O-U,1959,,,,,,1
O-U,1960,,,,,,1
O-U,1961,,,,,,1
O-U,1962,,,,,,1
O-U,1963,,,,,,1
O-U,1964,,,,,,1
O-U,1965,,,,,,1
O-U,1966,,,,,,1
O-U,1967,,,,,,1
O-U,1968,,,,,,1
O-U,1969,,,,,,1
O-U,1970,,,,,.15977,0
O-U,1971,,,,,.1692,0
O-U,1972,,,,,.18071,0
O-U,1973,,,,,.19492,0
O-U,1974,,,,,.21796,0
O-U,1975,.1708703488360027,.20622222391868,.341761646810077,,.24795,0
O-U,1976,.189256398067479,.228412217603497,.37853599944929,,.27463,0
O-U,1977,.212294175015707,.254000564375286,.410928468228819,,.29875,0
O-U,1978,.237690017688788,.277493871586519,.418857866674634,.3951031196971334,.32648,0
O-U,1979,.264761506534084,.305384428952806,.44496336480691,.4358744505676199,.36017,0
O-U,1980,.299162864408646,.345609511066752,.505952436740936,.4960620120947767,.40227,0
O-U,1981,.340239355181821,.39277433349253,.573838549380523,.5597495450163303,.44932,0
O-U,1982,.387242213685657,.441096819276495,.6197026274718,.6326733277225651,.50367,0
O-U,1983,.427149748500738,.481269263966119,.654631086463759,.6865399134403484,.5523,0
O-U,1984,.460476482254182,.5159807584723271,.6902308064641081,.7293136586108311,.59137,0
O-U,1985,.480348889401953,.538979239507321,.724038214060259,.7617239994968514,.62363,0
O-U,1986,.510937974280819,.5590936358708131,.6981606102275729,.7895297251851026,.65524,0
O-U,1987,.524416567939303,.5699556341697091,.697836677896578,.8088940468781413,.67156,0
O-U,1988,.5411296769648239,.5872201749621691,.716327520024735,.8283280733226913,.69313,0
O-U,1989,.560960965911393,.609424243077958,.745983285700732,.8498207447508541,.71599,0
O-U,1990,.582751843488127,.627620449344212,.7499035179718079,.8586975808085746,.73511,0
O-U,1991,.60111897184452,.642808234565504,.753604233709523,.8821211351241308,.754,0
O-U,1992,.625311686743395,.663363619715468,.760672139835473,.8771932681420896,.769,0
O-U,1993,.645748312167726,.681427426287008,.769965584730852,.8696007063531881,.78161,0
O-U,1994,.661691799798325,.6954117760157701,.776593521461416,.8679314860560655,.78893,0
O-U,1995,.6781751707477559,.7180810560760089,.8207295823076111,.8673846057345996,.79798,0
O-U,1996,.7026067839810309,.7318476424488649,.800109420637503,.8731732364327884,.80889,0
O-U,1997,.718940489211873,.746224594664141,.807129354222665,.8694265941298686,.81602,0
O-U,1998,.736259368783819,.759273811670667,.8051812207719451,.8661622825628201,.82379,0
O-U,1999,.754126092154316,.772610550422541,.80298598540244,.8673886454625638,.8256,0
O-U,2000,.7773974897874819,.790424649323258,.826809722767663,.8940202939151136,.83834,0
O-U,2001,.796006558214808,.809094639304636,.8455689236557571,.9037644157871479,.85512,0
O-U,2002,.8317127991332139,.838169213267726,.85292538123288,.910662003840373,.87283,0
O-U,2003,.8575117251584081,.8608643836012131,.866082409731044,.9082883909713766,.88918,0
O-U,2004,.876749456503651,.880624755304124,.885916119806178,.9174186755616884,.90381,0
O-U,2005,.903148256412154,.9046058616893969,.902511027226631,.9359927419758036,.92134,0
O-U,2006,.92190669077933,.926624206466455,.9344468531137901,.9617287901985674,.94126,0
O-U,2007,.9508525221427629,.9469125194222591,.9344725496605539,.9772530754463074,.96539,0
O-U,2008,.9698745744595,.9690147507635121,.966440371412267,.9907554992518763,.98836,0
O-U,2009,.9866717799215501,.984813666875379,.9791921121743979,.9949341121793988,.98931,0
O-U,2010,1,1,1,1,1,0
O-U,2011,1.01450463166056,1.01470449290753,1.01532131247294,1.017739101505978,1.00943,0
O-U,2012,1.02497438947254,1.02645446996435,1.03087887906753,1.028603410557745,1.02112,0
O-U,2013,1.03729758914595,1.03654761183574,1.04305802509238,1.032626183369822,1.02905,0
O-U,2014,1.04558858447591,1.04306186713307,1.04454049276563,1.031410048928839,1.03498,0
O-U,2015,1.04786625023732,1.04566048598082,1.04808733763076,1.030898669860722,1.04687,0
O-U,2016,1.053341486443372,1.051124196784354,1.053563729046937,1.036285248272532,1.052340030670166,1
O-U,2017,1.058836656342736,1.056607799320665,1.059060058362199,1.041691437601208,1.057829976081848,1
O-U,2018,1.068916205707793,1.06666613117852,1.069141734393035,1.051607773804305,1.067899942398071,1
O-U,2019,1.083016692585471,1.080736936453277,1.083245196306782,1.065479938465869,1.081987023353577,1
P,1952,,,,,,1
P,1953,,,,,,1
P,1954,,,,,,1
P,1955,,,,,,1
P,1956,,,,,,1
P,1957,,,,,,1
P,1958,,,,,,1
P,1959,,,,,,1
P,1960,,,,,,1
P,1961,,,,,,1
P,1962,,,,,,1
P,1963,,,,,,1
P,1964,,,,,,1
P,1965,,,,,,1
P,1966,,,,,,1
P,1967,,,,,,1
P,1968,,,,,,1
P,1969,,,,,,1
P,1970,,,,,.15977,0
P,1971,,,,,.1692,0
P,1972,,,,,.18071,0
P,1973,,,,,.19492,0
P,1974,,,,,.21796,0
P,1975,.1328635691657867,.1571641046990497,.4087943334741289,,.24795,0
P,1976,.14716,.17407533,.45278156,,.27463,0
P,1977,.16525,.1933718,.47016628,,.29875,0
P,1978,.18333,.21123367,.46596638,.3951031196971334,.32648,0
P,1979,.20418,.23147797,.46093331,.4358744505676199,.36017,0
P,1980,.23181,.2625607,.51981766,.4960620120947767,.40227,0
P,1981,.26748,.3021615,.58922578,.5597495450163303,.44932,0
P,1982,.31575,.3513145,.6286063399999999,.6326733277225651,.50367,0
P,1983,.34261,.37671895,.62913779,.6865399134403484,.5523,0
P,1984,.37277,.4059605100000001,.63814231,.7293136586108311,.59137,0
P,1985,.3862,.4200271,.6549644600000001,.7617239994968514,.62363,0
P,1986,.41099,.43471888,.57966047,.7895297251851026,.65524,0
P,1987,.42866,.44792733,.55797146,.8088940468781413,.67156,0
P,1988,.43594,.4530162,.54841882,.8283280733226913,.69313,0
P,1989,.44901,.46905916,.58509873,.8498207447508541,.71599,0
P,1990,.47554,.49474398,.6039854600000001,.8586975808085746,.73511,0
P,1991,.49788,.51380964,.6008925399999999,.8821211351241308,.754,0
P,1992,.52712,.53710054,.5866619200000001,.8771932681420896,.769,0
P,1993,.54806,.55822806,.60857156,.8696007063531881,.78161,0
P,1994,.56535,.57568042,.6266562600000001,.8679314860560655,.78893,0
P,1995,.59697,.61060205,.68186126,.8673846057345996,.79798,0
P,1996,.60622,.62304399,.7138708699999999,.8731732364327884,.80889,0
P,1997,.6319,.64883975,.73988917,.8694265941298686,.81602,0
P,1998,.65459,.6677357100000001,.7354686100000001,.8661622825628201,.82379,0
P,1999,.67861,.6907436,.75196295,.8673886454625638,.8256,0
P,2000,.70949,.71877158,.76486628,.8940202939151136,.83834,0
P,2001,.7332899999999999,.7422413400000001,.78626525,.9037644157871479,.85512,0
P,2002,.7779600000000001,.7832537000000001,.80869957,.910662003840373,.87283,0
P,2003,.80298,.8053318500000001,.8159797000000001,.9082883909713766,.88918,0
P,2004,.80223,.81104754,.8548640500000001,.9174186755616884,.90381,0
P,2005,.83667,.84056471,.85962007,.9359927419758036,.92134,0
P,2006,.8606999999999999,.86750087,.9007632800000001,.9617287901985674,.94126,0
P,2007,.8900199999999999,.89731113,.9330067200000001,.9772530754463074,.96539,0
P,2008,.9386199999999999,.9431273,.96498721,.9907554992518763,.98836,0
P,2009,.97565,.97723033,.9846904399999999,.9949341121793988,.98931,0
P,2010,1,1,1,1,1,0
P,2011,1.01334,1.01676246,1.03298518,1.017739101505978,1.00943,0
P,2012,1.01596,1.02290835,1.05575465,1.028603410557745,1.02112,0
P,2013,1.02661,1.03319066,1.064366,1.032626183369822,1.02905,0
P,2014,1.03763,1.04273525,1.06720874,1.031410048928839,1.03498,0
P,2015,1.03294,1.03906652,1.06821911,1.030898669860722,1.04687,0
P,2016,1.038337244624874,1.044495776481457,1.07380069252138,1.036285248272532,1.052340030670166,1
P,2017,1.043754138999097,1.049944799257834,1.079402595911119,1.041691437601208,1.057829976081848,1
P,2018,1.053690110998179,1.059939702977222,1.089677921840839,1.051607773804305,1.067899942398071,1
P,2019,1.067589744574631,1.073921777337358,1.104052284541831,1.065479938465869,1.081987023353577,1
Q,1952,,,,,,1
Q,1953,,,,,,1
Q,1954,,,,,,1
Q,1955,,,,,,1
Q,1956,,,,,,1
Q,1957,,,,,,1
Q,1958,,,,,,1
Q,1959,,,,,,1
Q,1960,,,,,,1
Q,1961,,,,,,1
Q,1962,,,,,,1
Q,1963,,,,,,1
Q,1964,,,,,,1
Q,1965,,,,,,1
Q,1966,,,,,,1
Q,1967,,,,,,1
Q,1968,,,,,,1
Q,1969,,,,,,1
Q,1970,,,,,.15977,0
Q,1971,,,,,.1692,0
Q,1972,,,,,.18071,0
Q,1973,,,,,.19492,0
Q,1974,,,,,.21796,0
Q,1975,.1645446145723337,.2158338977296727,.4977882679514256,,.24795,0
Q,1976,.18225,.23905813,.55135145,,.27463,0
Q,1977,.20271,.2614998,.57437754,,.29875,0
Q,1978,.22582,.28842141,.6166826799999999,.3951031196971334,.32648,0
Q,1979,.25056,.31617936,.65333246,.4358744505676199,.36017,0
Q,1980,.28099,.3553655100000001,.7389697099999999,.4960620120947767,.40227,0
Q,1981,.31626,.40208525,.8485826900000001,.5597495450163303,.44932,0
Q,1982,.35449,.44257128,.88740487,.6326733277225651,.50367,0
Q,1983,.39407,.48533348,.9362087,.6865399134403484,.5523,0
Q,1984,.42152,.51592152,.97658892,.7293136586108311,.59137,0
Q,1985,.43881,.53886035,1.03067823,.7617239994968514,.62363,0
Q,1986,.46376,.56081232,1.02120809,.7895297251851026,.65524,0
Q,1987,.47638,.5721092999999999,1.01885567,.8088940468781413,.67156,0
Q,1988,.495,.60054569,1.10562582,.8283280733226913,.69313,0
Q,1989,.51703,.6254185600000001,1.14096166,.8498207447508541,.71599,0
Q,1990,.5432399999999999,.6413006099999999,1.08462168,.8586975808085746,.73511,0
Q,1991,.56701,.65458319,1.03440186,.8821211351241308,.754,0
Q,1992,.59068,.6722025899999999,1.01547717,.8771932681420896,.769,0
Q,1993,.60992,.68869456,1.01353816,.8696007063531881,.78161,0
Q,1994,.62964,.7027784499999999,.9941062100000001,.8679314860560655,.78893,0
Q,1995,.63786,.7269229500000001,1.10602867,.8673846057345996,.79798,0
Q,1996,.68536,.7409450099999999,.96289435,.8731732364327884,.80889,0
Q,1997,.7007599999999999,.75114083,.9479544099999999,.8694265941298686,.81602,0
Q,1998,.71443,.76129698,.94196455,.8661622825628201,.82379,0
Q,1999,.7366200000000001,.77205239,.90450348,.8673886454625638,.8256,0
Q,2000,.76022,.78766836,.88947816,.8940202939151136,.83834,0
Q,2001,.77899,.80827962,.9171708099999999,.9037644157871479,.85512,0
Q,2002,.8081999999999999,.8305153799999999,.91197485,.910662003840373,.87283,0
Q,2003,.8488599999999999,.8643720899999999,.9201941100000001,.9082883909713766,.88918,0
Q,2004,.87779,.89092427,.93767645,.9174186755616884,.90381,0
Q,2005,.9092,.91639559,.94163109,.9359927419758036,.92134,0
Q,2006,.92876,.9393127699999999,.97723975,.9617287901985674,.94126,0
Q,2007,.9636199999999999,.95849563,.93995111,.9772530754463074,.96539,0
Q,2008,.9748300000000001,.97162063,.96023875,.9907554992518763,.98836,0
Q,2009,.99035,.98745908,.97720001,.9949341121793988,.98931,0
Q,2010,1,1,1,1,1,0
Q,2011,1.00835,1.00873728,1.01011168,1.017739101505978,1.00943,0
Q,2012,1.01776,1.01821474,1.01982476,1.028603410557745,1.02112,0
Q,2013,1.0315,1.03050432,1.02719128,1.032626183369822,1.02905,0
Q,2014,1.04234,1.03739379,1.0210278,1.031410048928839,1.03498,0
Q,2015,1.05214,1.0457917,1.02480505,1.030898669860722,1.04687,0
Q,2016,1.057637567099362,1.051256096413695,1.030159788462695,1.036285248272532,1.052340030670166,1
Q,2017,1.063155149192121,1.056740387056268,1.035534021922547,1.041691437601208,1.057829976081848,1
Q,2018,1.073275808261491,1.066799981077289,1.04539174287567,1.051607773804305,1.067899942398071,1
Q,2019,1.087433804341736,1.080872552017802,1.059181909470339,1.065479938465869,1.081987023353577,1
R,1952,,,,,,1
R,1953,,,,,,1
R,1954,,,,,,1
R,1955,,,,,,1
R,1956,,,,,,1
R,1957,,,,,,1
R,1958,,,,,,1
R,1959,,,,,,1
R,1960,,,,,,1
R,1961,,,,,,1
R,1962,,,,,,1
R,1963,,,,,,1
R,1964,,,,,,1
R,1965,,,,,,1
R,1966,,,,,,1
R,1967,,,,,,1
R,1968,,,,,,1
R,1969,,,,,,1
R,1970,,,,,.15977,0
R,1971,,,,,.1692,0
R,1972,,,,,.18071,0
R,1973,,,,,.19492,0
R,1974,,,,,.21796,0
R,1975,.1842809398099261,.1973510368004224,.1817770808870116,,.24795,0
R,1976,.20411,.21858647,.20133672,,.27463,0
R,1977,.23561,.25899565,.24321543,,.29875,0
R,1978,.27444,.28438777,.25524156,.3951031196971334,.32648,0
R,1979,.30738,.31434117,.27893346,.4358744505676199,.36017,0
R,1980,.34758,.35378022,.31266474,.4960620120947767,.40227,0
R,1981,.3963,.40202003,.35436251,.5597495450163303,.44932,0
R,1982,.43864,.44546779,.39299696,.6326733277225651,.50367,0
R,1983,.47997,.48546697,.42685063,.6865399134403484,.5523,0
R,1984,.51246,.52410822,.46529218,.7293136586108311,.59137,0
R,1985,.53775,.54827892,.48543348,.7617239994968514,.62363,0
R,1986,.57825,.57227292,.4938440099999999,.7895297251851026,.65524,0
R,1987,.6015999999999999,.58897836,.50348269,.8088940468781413,.67156,0
R,1988,.62002,.60244241,.51157222,.8283280733226913,.69313,0
R,1989,.6458400000000001,.6269917199999999,.53198194,.8498207447508541,.71599,0
R,1990,.66235,.64357326,.54655254,.8586975808085746,.73511,0
R,1991,.67771,.65744274,.55744061,.8821211351241308,.754,0
R,1992,.71114,.68113899,.57062048,.8771932681420896,.769,0
R,1993,.7392400000000001,.7042723399999999,.58699682,.8696007063531881,.78161,0
R,1994,.75378,.71689123,.59648851,.8679314860560655,.78893,0
R,1995,.78338,.7359561499999999,.60452266,.8673846057345996,.79798,0
R,1996,.8022199999999999,.7540791900000001,.61979373,.8731732364327884,.80889,0
R,1997,.8062999999999999,.7620642,.6301382600000001,.8694265941298686,.81602,0
R,1998,.8220099999999999,.7679617799999999,.62652983,.8661622825628201,.82379,0
R,1999,.82997,.7692263699999999,.6218383200000001,.8673886454625638,.8256,0
R,2000,.8654900000000001,.79224346,.71458358,.8940202939151136,.83834,0
R,2001,.8673099999999999,.8073096700000001,.74223804,.9037644157871479,.85512,0
R,2002,.88676,.8519954599999999,.7583445600000001,.910662003840373,.87283,0
R,2003,.87854,.8604782400000001,.78440931,.9082883909713766,.88918,0
R,2004,.9111199999999999,.88540493,.8274030999999999,.9174186755616884,.90381,0
R,2005,.93745,.9084199599999999,.8460728799999999,.9359927419758036,.92134,0
R,2006,.95636,.9310998100000001,.8718164,.9617287901985674,.94126,0
R,2007,.99431,.94983101,.89790097,.9772530754463074,.96539,0
R,2008,.98532,.9803760300000001,.9746886600000001,.9907554992518763,.98836,0
R,2009,.9882899999999999,.98838956,.98850638,.9949341121793988,.98931,0
R,2010,1,1,1,1,1,0
R,2011,1.0271,1.01540692,1.00254301,1.017739101505978,1.00943,0
R,2012,1.05264,1.03932677,1.02467518,1.028603410557745,1.02112,0
R,2013,1.07805,1.05483411,1.05323117,1.032626183369822,1.02905,0
R,2014,1.08644,1.06160669,1.05832396,1.031410048928839,1.03498,0
R,2015,1.08534,1.06442474,1.06556952,1.030898669860722,1.04687,0
R,2016,1.091011041378164,1.069986496449113,1.071137258072152,1.036285248272532,1.052340030670166,1
R,2017,1.096702729317559,1.075568501585801,1.076725266609174,1.041691437601208,1.057829976081848,1
R,2018,1.107142743112634,1.085807329021829,1.086975105819386,1.051607773804305,1.067899942398071,1
R,2019,1.121747491022353,1.100130633236701,1.101313814629419,1.065479938465869,1.081987023353577,1
R-S,1952,,,,,,1
R-S,1953,,,,,,1
R-S,1954,,,,,,1
R-S,1955,,,,,,1
R-S,1956,,,,,,1
R-S,1957,,,,,,1
R-S,1958,,,,,,1
R-S,1959,,,,,,1
R-S,1960,,,,,,1
R-S,1961,,,,,,1
R-S,1962,,,,,,1
R-S,1963,,,,,,1
R-S,1964,,,,,,1
R-S,1965,,,,,,1
R-S,1966,,,,,,1
R-S,1967,,,,,,1
R-S,1968,,,,,,1
R-S,1969,,,,,,1
R-S,1970,,,,,.15977,0
R-S,1971,,,,,.1692,0
R-S,1972,,,,,.18071,0
R-S,1973,,,,,.19492,0
R-S,1974,,,,,.21796,0
R-S,1975,.1866086342089102,.2087875794681711,.2099249910681567,,.24795,0
R-S,1976,.206688159761214,.231253611410945,.232513411159701,,.27463,0
R-S,1977,.233687126042337,.263519147509533,.267592037035909,,.29875,0
R-S,1978,.278562328078504,.294513303419077,.274399322491795,.3951031196971334,.32648,0
R-S,1979,.310892008958466,.325024357345143,.297979960932673,.4358744505676199,.36017,0
R-S,1980,.350217353122898,.365637072082942,.33454908525227,.4960620120947767,.40227,0
R-S,1981,.403997697945512,.419665154830265,.381314773365222,.5597495450163303,.44932,0
R-S,1982,.452720196167554,.467991507843667,.422246141539106,.6326733277225651,.50367,0
R-S,1983,.5024189858770111,.513459767929306,.455752075431761,.6865399134403484,.5523,0
R-S,1984,.537258878126595,.5510389855888129,.491674585249172,.7293136586108311,.59137,0
R-S,1985,.564192799518666,.577721079568956,.514280625598725,.7617239994968514,.62363,0
R-S,1986,.6004513495675741,.600344407103146,.516596942829886,.7895297251851026,.65524,0
R-S,1987,.62662111049956,.6239692035660029,.533754048967071,.8088940468781413,.67156,0
R-S,1988,.6483461213894059,.643318198722894,.5475382881109619,.8283280733226913,.69313,0
R-S,1989,.672340391504343,.668627924692431,.5709240299676001,.8498207447508541,.71599,0
R-S,1990,.6920541466254,.68940897155825,.590133282308941,.8586975808085746,.73511,0
R-S,1991,.7017527913739769,.7070903619364369,.615962987687503,.8821211351241308,.754,0
R-S,1992,.7279751304255611,.7310768621133791,.6338154968866241,.8771932681420896,.769,0
R-S,1993,.75285053919552,.7535101493824981,.6496629908318561,.8696007063531881,.78161,0
R-S,1994,.7642075161512151,.768767064176504,.668012093448933,.8679314860560655,.78893,0
R-S,1995,.7830969914330259,.784852585694349,.6778680764248941,.8673846057345996,.79798,0
R-S,1996,.797676965071912,.80031301627504,.692387898755636,.8731732364327884,.80889,0
R-S,1997,.811577227508289,.81066352996186,.696109240398192,.8694265941298686,.81602,0
R-S,1998,.838973553069235,.8210488308784321,.681219374467136,.8661622825628201,.82379,0
R-S,1999,.849421685180335,.825410090401936,.676773387863867,.8673886454625638,.8256,0
R-S,2000,.873039187307711,.8364141432698401,.770768505229711,.8940202939151136,.83834,0
R-S,2001,.889561137248966,.855630192492552,.7936195854947211,.9037644157871479,.85512,0
R-S,2002,.9208081315580441,.8846691223194609,.814679684396847,.910662003840373,.87283,0
R-S,2003,.923803778744711,.896093154695769,.8376265256357059,.9082883909713766,.88918,0
R-S,2004,.9449682681811611,.9192717842148239,.856686075596251,.9174186755616884,.90381,0
R-S,2005,.9609798418580939,.936504850592909,.875136165491483,.9359927419758036,.92134,0
R-S,2006,.9755260673154901,.957322317122119,.9040269524358381,.9617287901985674,.94126,0
R-S,2007,1.00135580925249,.9752706712181779,.935397556771305,.9772530754463074,.96539,0
R-S,2008,.9961637985683509,.993732840019151,.9901175355070031,.9907554992518763,.98836,0
R-S,2009,1.0010592872739,.998545838872728,.9948653410455011,.9949341121793988,.98931,0
R-S,2010,1,1,1,1,1,0
R-S,2011,1.02195923399152,1.0153996766507,1.00596059506063,1.017739101505978,1.00943,0
R-S,2012,1.04539633007477,1.03524815528293,1.0207399774645,1.028603410557745,1.02112,0
R-S,2013,1.06989417193737,1.04989010131234,1.06099402071841,1.032626183369822,1.02905,0
R-S,2014,1.08337590769647,1.05802185025429,1.06190318455426,1.031410048928839,1.03498,0
R-S,2015,1.08890377794319,1.06452112463017,1.06999147551054,1.030898669860722,1.04687,0
R-S,2016,1.094593440520405,1.070083384701398,1.075582318870135,1.036285248272532,1.052340030670166,1
R-S,2017,1.100303817453054,1.075665895293737,1.081193516814023,1.041691437601208,1.057829976081848,1
R-S,2018,1.11077811164956,1.08590564986492,1.091485891337161,1.051607773804305,1.067899942398071,1
R-S,2019,1.125430815110965,1.10023025106804,1.105884103662681,1.065479938465869,1.081987023353577,1
S,1952,,,,,,1
S,1953,,,,,,1
S,1954,,,,,,1
S,1955,,,,,,1
S,1956,,,,,,1
S,1957,,,,,,1
S,1958,,,,,,1
S,1959,,,,,,1
S,1960,,,,,,1
S,1961,,,,,,1
S,1962,,,,,,1
S,1963,,,,,,1
S,1964,,,,,,1
S,1965,,,,,,1
S,1966,,,,,,1
S,1967,,,,,,1
S,1968,,,,,,1
S,1969,,,,,,1
S,1970,,,,,.15977,0
S,1971,,,,,.1692,0
S,1972,,,,,.18071,0
S,1973,,,,,.19492,0
S,1974,,,,,.21796,0
S,1975,.1891653643083422,.2200539592397044,.2556838857972545,,.24795,0
S,1976,.20952,.24373228,.28319607,,.27463,0
S,1977,.23432,.26887872,.30403017,,.29875,0
S,1978,.28284,.30509008,.30070007,.3951031196971334,.32648,0
S,1979,.31504,.33624437,.32322788,.4358744505676199,.36017,0
S,1980,.3541299999999999,.37811049,.36379839,.4960620120947767,.40227,0
S,1981,.41125,.43774678,.4182281,.5597495450163303,.44932,0
S,1982,.46415,.4908772,.46203438,.6326733277225651,.50367,0
S,1983,.51933,.54176086,.49374669,.6865399134403484,.5523,0
S,1984,.55584,.5783585099999999,.52383491,.7293136586108311,.59137,0
S,1985,.58397,.60756953,.55023084,.7617239994968514,.62363,0
S,1986,.61765,.62883329,.54131612,.7895297251851026,.65524,0
S,1987,.64577,.6594395799999999,.5715395999999999,.8088940468781413,.67156,0
S,1988,.66975,.68475611,.59515745,.8283280733226913,.69313,0
S,1989,.6926600000000001,.7108408799999999,.6231519999999999,.8498207447508541,.71599,0
S,1990,.7145600000000001,.73582583,.6498898900000001,.8586975808085746,.73511,0
S,1991,.72068,.7572672300000001,.70074423,.8821211351241308,.754,0
S,1992,.74247,.78158742,.72640011,.8771932681420896,.769,0
S,1993,.76547,.8033471299999999,.74044241,.8696007063531881,.78161,0
S,1994,.77491,.82126037,.77575211,.8679314860560655,.78893,0
S,1995,.78727,.83452306,.78863502,.8673846057345996,.79798,0
S,1996,.7993399999999999,.84763992,.80172915,.8731732364327884,.80889,0
S,1997,.8193300000000001,.86022467,.79451227,.8694265941298686,.81602,0
S,1998,.8541500000000001,.87479061,.76154484,.8661622825628201,.82379,0
S,1999,.8662300000000001,.8820148799999999,.75750045,.8673886454625638,.8256,0
S,2000,.8821899999999999,.88188951,.85306573,.8940202939151136,.83834,0
S,2001,.9089700000000001,.9051317799999999,.8690249,.9037644157871479,.85512,0
S,2002,.9493300000000001,.91919077,.89703157,.910662003840373,.87283,0
S,2003,.9616800000000001,.93356292,.91565838,.9082883909713766,.88918,0
S,2004,.97328,.9549852,.9001449499999999,.9174186755616884,.90381,0
S,2005,.9808,.96628669,.9183033399999999,.9359927419758036,.92134,0
S,2006,.9917400000000001,.9851697699999999,.95186457,.9617287901985674,.94126,0
S,2007,1.00758,1.00229154,.9912607099999999,.9772530754463074,.96539,0
S,2008,1.00555,1.00803631,1.01290462,.9907554992518763,.98836,0
S,2009,1.01208,1.00946787,1.00434063,.9949341121793988,.98931,0
S,2010,1,1,1,1,1,0
S,2011,1.01746,1.01539157,1.01127574,1.017739101505978,1.00943,0
S,2012,1.03906,1.03073263,1.01464535,1.028603410557745,1.02112,0
S,2013,1.06275,1.04442716,1.07252288,1.032626183369822,1.02905,0
S,2014,1.08081,1.05405112,1.06714638,1.031410048928839,1.03498,0
S,2015,1.09237,1.06462281,1.07649024,1.030898669860722,1.04687,0
S,2016,1.098077774034187,1.070185601390391,1.08211504024161,1.036285248272532,1.052340030670166,1
S,2017,1.103806328362192,1.075768645236266,1.087760318694339,1.041691437601208,1.057829976081848,1
S,2018,1.114313964558523,1.086009377931045,1.098115205601542,1.051607773804305,1.067899942398071,1
S,2019,1.129013310822496,1.100335347451184,1.112600867774201,1.065479938465869,1.081987023353577,1
T,1952,,,,,,1
T,1953,,,,,,1
T,1954,,,,,,1
T,1955,,,,,,1
T,1956,,,,,,1
T,1957,,,,,,1
T,1958,,,,,,1
T,1959,,,,,,1
T,1960,,,,,,1
T,1961,,,,,,1
T,1962,,,,,,1
T,1963,,,,,,1
T,1964,,,,,,1
T,1965,,,,,,1
T,1966,,,,,,1
T,1967,,,,,,1
T,1968,,,,,,1
T,1969,,,,,,1
T,1970,,,,,.15977,0
T,1971,,,,,.1692,0
T,1972,,,,,.18071,0
T,1973,,,,,.19492,0
T,1974,,,,,.21796,0
T,1975,.1685803590285111,.1688169240760296,0,,.24795,0
T,1976,.18672,.18698202,0,,.27463,0
T,1977,.21078,.21089168,0,,.29875,0
T,1978,.2382,.23813625,0,.3951031196971334,.32648,0
T,1979,.26855,.26854191,0,.4358744505676199,.36017,0
T,1980,.31398,.31398315,0,.4960620120947767,.40227,0
T,1981,.37054,.37073671,0,.5597495450163303,.44932,0
T,1982,.43602,.43615054,0,.6326733277225651,.50367,0
T,1983,.49098,.49117145,0,.6865399134403484,.5523,0
T,1984,.5365,.53660665,0,.7293136586108311,.59137,0
T,1985,.58101,.5811797399999999,0,.7617239994968514,.62363,0
T,1986,.6041,.60390301,0,.7895297251851026,.65524,0
T,1987,.61768,.61758935,0,.8088940468781413,.67156,0
T,1988,.6211099999999999,.62138263,0,.8283280733226913,.69313,0
T,1989,.64491,.64485147,0,.8498207447508541,.71599,0
T,1990,.66795,.66764407,0,.8586975808085746,.73511,0
T,1991,.7014,.70172031,0,.8821211351241308,.754,0
T,1992,.7345099999999999,.73472453,0,.8771932681420896,.769,0
T,1993,.75143,.75157244,0,.8696007063531881,.78161,0
T,1994,.7725300000000001,.77276246,0,.8679314860560655,.78893,0
T,1995,.8066,.8065020900000001,0,.8673846057345996,.79798,0
T,1996,.83786,.83789687,0,.8731732364327884,.80889,0
T,1997,.8719,.87203515,0,.8694265941298686,.81602,0
T,1998,.89823,.89813016,0,.8661622825628201,.82379,0
T,1999,.9145699999999999,.91448739,0,.8673886454625638,.8256,0
T,2000,.9357899999999999,.93569284,0,.8940202939151136,.83834,0
T,2001,.9697,.96978682,0,.9037644157871479,.85512,0
T,2002,.9991800000000001,.9991995300000001,0,.910662003840373,.87283,0
T,2003,1.04938,1.0493695,0,.9082883909713766,.88918,0
T,2004,1.10903,1.10902487,0,.9174186755616884,.90381,0
T,2005,1.1719,1.17203476,0,.9359927419758036,.92134,0
T,2006,1.19229,1.19221992,0,.9617287901985674,.94126,0
T,2007,1.22173,1.22164478,0,.9772530754463074,.96539,0
T,2008,1.01327,1.01332166,0,.9907554992518763,.98836,0
T,2009,1.00151,1.00150364,0,.9949341121793988,.98931,0
T,2010,1,1,0,1,1,0
T,2011,1.01521,1.01521012,0,1.017739101505978,1.00943,0
T,2012,1.02776,1.02775665,0,1.028603410557745,1.02112,0
T,2013,1.03221,1.03223861,0,1.032626183369822,1.02905,0
T,2014,1.04164,1.04178297,0,1.031410048928839,1.03498,0
T,2015,1.02138,1.02132005,0,1.030898669860722,1.04687,0
T,2016,1.026716842135025,1.026656578888549,0,1.036285248272532,1.052340030670166,1
T,2017,1.032073114112046,1.032012536478657,0,1.041691437601208,1.057829976081848,1
T,2018,1.041897889104227,1.041836734804699,0,1.051607773804305,1.067899942398071,1
T,2019,1.055641966923186,1.055580005913654,0,1.065479938465869,1.081987023353577,1
U,1952,,,,,,1
U,1953,,,,,,1
U,1954,,,,,,1
U,1955,,,,,,1
U,1956,,,,,,1
U,1957,,,,,,1
U,1958,,,,,,1
U,1959,,,,,,1
U,1960,,,,,,1
U,1961,,,,,,1
U,1962,,,,,,1
U,1963,,,,,,1
U,1964,,,,,,1
U,1965,,,,,,1
U,1966,,,,,,1
U,1967,,,,,,1
U,1968,,,,,,1
U,1969,,,,,,1
U,1970,,,,,.15977,0
U,1971,,,,,.1692,0
U,1972,,,,,.18071,0
U,1973,,,,,.19492,0
U,1974,,,,,.21796,0
U,1975,,0,0,,.24795,0
U,1976,,0,0,,.27463,0
U,1977,,0,0,,.29875,0
U,1978,,0,0,.3951031196971334,.32648,0
U,1979,,0,0,.4358744505676199,.36017,0
U,1980,,0,0,.4960620120947767,.40227,0
U,1981,,0,0,.5597495450163303,.44932,0
U,1982,,0,0,.6326733277225651,.50367,0
U,1983,,0,0,.6865399134403484,.5523,0
U,1984,,0,0,.7293136586108311,.59137,0
U,1985,,0,0,.7617239994968514,.62363,0
U,1986,,0,0,.7895297251851026,.65524,0
U,1987,,0,0,.8088940468781413,.67156,0
U,1988,,0,0,.8283280733226913,.69313,0
U,1989,,0,0,.8498207447508541,.71599,0
U,1990,,0,0,.8586975808085746,.73511,0
U,1991,,0,0,.8821211351241308,.754,0
U,1992,,0,0,.8771932681420896,.769,0
U,1993,,0,0,.8696007063531881,.78161,0
U,1994,,0,0,.8679314860560655,.78893,0
U,1995,,0,0,.8673846057345996,.79798,0
U,1996,,0,0,.8731732364327884,.80889,0
U,1997,,0,0,.8694265941298686,.81602,0
U,1998,,0,0,.8661622825628201,.82379,0
U,1999,,0,0,.8673886454625638,.8256,0
U,2000,,0,0,.8940202939151136,.83834,0
U,2001,,0,0,.9037644157871479,.85512,0
U,2002,,0,0,.910662003840373,.87283,0
U,2003,,0,0,.9082883909713766,.88918,0
U,2004,,0,0,.9174186755616884,.90381,0
U,2005,,0,0,.9359927419758036,.92134,0
U,2006,,0,0,.9617287901985674,.94126,0
U,2007,,0,0,.9772530754463074,.96539,0
U,2008,,0,0,.9907554992518763,.98836,0
U,2009,,0,0,.9949341121793988,.98931,0
U,2010,,0,0,1,1,0
U,2011,,0,0,1.017739101505978,1.00943,0
U,2012,,0,0,1.028603410557745,1.02112,0
U,2013,,0,0,1.032626183369822,1.02905,0
U,2014,,0,0,1.031410048928839,1.03498,0
U,2015,,0,0,1.030898669860722,1.04687,0
U,2016,,0,0,1.036285248272532,1.052340030670166,1
U,2017,,0,0,1.041691437601208,1.057829976081848,1
U,2018,,0,0,1.051607773804305,1.067899942398071,1
U,2019,,0,0,1.065479938465869,1.081987023353577,1
